MAE1,MAE2,MAE3,MAE4,MAE5,MAE6,MAE_avg,MSE1,MSE2,MSE3,MSE4,MSE5,MSE6,MSE_avg,MAPE1,MAPE2,MAPE3,MAPE4,MAPE5,MAPE6,MAPE_avg
0.07732153252253962,0.1031850822731323,0.12856549541040627,0.14693480883707838,0.17837941093555698,0.20362520950348487,0.13966858991369974,0.01306629079778666,0.021928213866112486,0.032316950686083985,0.04297586208406097,0.05739189996158755,0.07349602360195716,0.040195873499598134,0.33637248332223696,0.4475988773399414,0.5556828415861496,0.6322951565111663,0.7699860509513636,0.8789394655724663,0.6034791458805541
