MAE1,MAE2,MAE3,MAE4,MAE5,MAE6,MAE_avg,MSE1,MSE2,MSE3,MSE4,MSE5,MSE6,MSE_avg,MAPE1,MAPE2,MAPE3,MAPE4,MAPE5,MAPE6,MAPE_avg
0.1948231007546615,0.20582788309277023,0.25051096137365403,0.24946136632858584,0.30319815780253484,0.3186901428118674,0.25375193536067897,0.09139744050081737,0.10533949185281045,0.14374600103471027,0.13773516126033306,0.18863968840870535,0.20343191296990917,0.14504828267121428,0.7754680177058184,0.8196087915490332,0.9955582613889852,0.9892375100953961,1.2108588660428536,1.275306232970823,1.0110062799588182
