MAE1,MAE2,MAE3,MAE4,MAE5,MAE6,MAE_avg,MSE1,MSE2,MSE3,MSE4,MSE5,MSE6,MSE_avg,MAPE1,MAPE2,MAPE3,MAPE4,MAPE5,MAPE6,MAPE_avg
0.23556870439133826,0.2746366143580331,0.3194773561479954,0.282706665192421,0.3754326162071262,0.4066856698910649,0.31575127103132977,0.12295889002577537,0.1448137337532159,0.18777967130715184,0.16531840447752372,0.2487700710072065,0.2581778222718922,0.18796976547379426,0.9423466377173553,1.0967076909890505,1.2720513371485138,1.1174669937311537,1.4942052555754,1.6188391135064713,1.2569361714446574
