MAE1,MAE2,MAE3,MAE4,MAE5,MAE6,MAE_avg,MSE1,MSE2,MSE3,MSE4,MSE5,MSE6,MSE_avg,MAPE1,MAPE2,MAPE3,MAPE4,MAPE5,MAPE6,MAPE_avg
0.30507402470588874,0.3566730553065025,0.42433420229761126,0.4507956351438179,0.4987996757778747,0.5265170028329776,0.42703226601077876,0.14979574261059045,0.19557393336405438,0.264787639404727,0.29550176005296935,0.35003045404923555,0.38044170091541346,0.27268853839949836,1.212164736293796,1.4201406135221049,1.6872923420413317,1.7923669509484537,1.9889275294484963,2.101638004674856,1.7004216961548397
