MAE1,MAE2,MAE3,MAE4,MAE5,MAE6,MAE_avg,MSE1,MSE2,MSE3,MSE4,MSE5,MSE6,MSE_avg,MAPE1,MAPE2,MAPE3,MAPE4,MAPE5,MAPE6,MAPE_avg
0.20270090591385553,0.2470042170451835,0.3115702293239109,0.2822746462333222,0.38739651503388484,0.4092891047944498,0.30670593639076776,0.0948451013196465,0.13795432650469966,0.2115797047615904,0.2186796641759134,0.3193342797888852,0.3623997460692651,0.22413213710333338,0.835137061404565,1.0176654608454163,1.2823665422077406,1.1622912214117602,1.5918142102068908,1.6781245259023334,1.2612331703297845
