MAE1,MAE2,MAE3,MAE4,MAE5,MAE6,MAE_avg,MSE1,MSE2,MSE3,MSE4,MSE5,MSE6,MSE_avg,MAPE1,MAPE2,MAPE3,MAPE4,MAPE5,MAPE6,MAPE_avg
0.20159077905465606,0.23606226684950446,0.2814004391720921,0.27853764253356506,0.3238536327140168,0.3506531509150108,0.2786829852064742,0.07052337425840582,0.10475768070966167,0.14956578666148648,0.1578667258303784,0.21314348986542728,0.24416265663174863,0.15666995232618472,0.8182876644826291,0.9554572566603463,1.1344069456507975,1.1165793945065272,1.304028024661111,1.4146165502559884,1.1238959727028999
