MAE1,MAE2,MAE3,MAE4,MAE5,MAE6,MAE_avg,MSE1,MSE2,MSE3,MSE4,MSE5,MSE6,MSE_avg,MAPE1,MAPE2,MAPE3,MAPE4,MAPE5,MAPE6,MAPE_avg
0.2354417833951889,0.25216318377923314,0.2942717929960092,0.3035466154840497,0.3581497157057408,0.38241584009145085,0.30433148857527875,0.1231685907032115,0.14381980738078667,0.1852356265341961,0.20548607485537293,0.26782982816275863,0.3029431493529103,0.204747179498206,0.9401871684696054,1.0033463667116225,1.1670488584863703,1.199659232731539,1.4250566028189735,1.5231872160923219,1.2097475742184052
