MAE1,MAE2,MAE3,MAE4,MAE5,MAE6,MAE_avg,MSE1,MSE2,MSE3,MSE4,MSE5,MSE6,MSE_avg,MAPE1,MAPE2,MAPE3,MAPE4,MAPE5,MAPE6,MAPE_avg
0.18312071527688273,0.21591667826980934,0.2699852885555083,0.24003928327042848,0.35511209033907915,0.37753126816700805,0.273617553979786,0.08476299578721072,0.1097799185323509,0.16668092690163197,0.16533592482676296,0.26719763086480236,0.30020054882904434,0.18232632429030052,0.7481373511190333,0.8791200430693039,1.0960215556954394,0.9728018409817395,1.4422162691166889,1.5301497435336533,1.1114078005859762
