MAE1,MAE2,MAE3,MAE4,MAE5,MAE6,MAE_avg,MSE1,MSE2,MSE3,MSE4,MSE5,MSE6,MSE_avg,MAPE1,MAPE2,MAPE3,MAPE4,MAPE5,MAPE6,MAPE_avg
0.08283683600088924,0.10739105547894663,0.1319078389302795,0.1483985128418112,0.17660491429310718,0.2008594211081439,0.14133309644219627,0.014239535201760854,0.023050971196321726,0.033666577897304456,0.043713109079002575,0.057311651465225405,0.0724877656463313,0.04074493508099105,0.35990932534550873,0.4655444055481853,0.570141057860121,0.6388489529079299,0.7621723458437949,0.8672470477646892,0.6106438558783714
