MAE1,MAE2,MAE3,MAE4,MAE5,MAE6,MAE_avg,MSE1,MSE2,MSE3,MSE4,MSE5,MSE6,MSE_avg,MAPE1,MAPE2,MAPE3,MAPE4,MAPE5,MAPE6,MAPE_avg
0.3832095744765914,0.4771942133360693,0.596704721356754,0.6039785127727308,0.7262854452621513,0.7699663025067867,0.5928897949518473,0.2508422278231413,0.3909257642828929,0.5953494219020997,0.7002621748439032,0.8889817459446523,0.9873809428146452,0.6356237129352224,1.6743813002639718,2.085899620499342,2.6035972936856275,2.6473406713410315,3.1681133142919427,3.3591442336523345,2.5897460722890417
