MAE1,MAE2,MAE3,MAE4,MAE5,MAE6,MAE_avg,MSE1,MSE2,MSE3,MSE4,MSE5,MSE6,MSE_avg,MAPE1,MAPE2,MAPE3,MAPE4,MAPE5,MAPE6,MAPE_avg
0.1991629631526655,0.239999428215232,0.2882455212528956,0.26472648108783037,0.350664896109064,0.37379968478177483,0.2860998290999104,0.08921105995237355,0.12919334315283487,0.18048379130606843,0.17942574132565392,0.25708319602590735,0.2830920134060719,0.18641485752815168,0.8091051521351811,0.9709922487878867,1.1608751354556164,1.0613805502333071,1.4120004433302127,1.5051632543953948,1.1532527973895998
