MAE1,MAE2,MAE3,MAE4,MAE5,MAE6,MAE_avg,MSE1,MSE2,MSE3,MSE4,MSE5,MSE6,MSE_avg,MAPE1,MAPE2,MAPE3,MAPE4,MAPE5,MAPE6,MAPE_avg
0.18571966853664829,0.2261536681811702,0.28398971577030185,0.29864120610475264,0.32009505634598795,0.3579489128386596,0.27875803796292004,0.06161687423521059,0.08639737039086191,0.12917668918126152,0.14340718307783773,0.1695669080534161,0.20335908345836679,0.1322540180661591,0.7708681554067218,0.9366774790348247,1.1716241619289827,1.2291958669060683,1.3203196226607605,1.4783203033011278,1.1511675982064142
