MAE1,MAE2,MAE3,MAE4,MAE5,MAE6,MAE_avg,MSE1,MSE2,MSE3,MSE4,MSE5,MSE6,MSE_avg,MAPE1,MAPE2,MAPE3,MAPE4,MAPE5,MAPE6,MAPE_avg
0.2657582566659136,0.3089366558974562,0.3738401762960671,0.34823505468569427,0.4642540373092018,0.4879122352084813,0.374822736010469,0.13447197913745776,0.18787227195068754,0.27399831420682946,0.2905135384689554,0.40876320848215303,0.4527936168597324,0.29140215485096926,1.0927840374943503,1.2707721184164114,1.5361689811978796,1.4308826360778033,1.9037732402959486,1.9963574822362735,1.5384564159531111
