MAE1,MAE2,MAE3,MAE4,MAE5,MAE6,MAE_avg,MSE1,MSE2,MSE3,MSE4,MSE5,MSE6,MSE_avg,MAPE1,MAPE2,MAPE3,MAPE4,MAPE5,MAPE6,MAPE_avg
0.0719357886458904,0.08921991422852091,0.11048989771163238,0.12756215430832946,0.1493115752958267,0.17002397023456473,0.11975721673746076,0.011218676814378895,0.019845253863701888,0.03161919068633803,0.04025467526967909,0.05063735468689079,0.061345526656178796,0.03582011299619458,0.3147980591504971,0.3915544294727279,0.48527893920772686,0.5599375602972937,0.6556393744614049,0.7467122471291616,0.5256534349531353
