MAE1,MAE2,MAE3,MAE4,MAE5,MAE6,MAE_avg,MSE1,MSE2,MSE3,MSE4,MSE5,MSE6,MSE_avg,MAPE1,MAPE2,MAPE3,MAPE4,MAPE5,MAPE6,MAPE_avg
0.17775482148678506,0.21328857151120234,0.26458920920806983,0.26437942377055784,0.301266929307505,0.33365039763463417,0.2591548921531257,0.05799155685437924,0.08794271141713492,0.1356771546970396,0.14246019472727872,0.1880058706390476,0.21541185991592807,0.13791489137513468,0.7222579271631713,0.8645129123830227,1.0685015912703724,1.0629941002656969,1.2184532651612667,1.353046829697009,1.0482944376567565
