MAE1,MAE2,MAE3,MAE4,MAE5,MAE6,MAE_avg,MSE1,MSE2,MSE3,MSE4,MSE5,MSE6,MSE_avg,MAPE1,MAPE2,MAPE3,MAPE4,MAPE5,MAPE6,MAPE_avg
0.06945163439205244,0.09194143177647969,0.12452162011760882,0.1463963512619123,0.16938103644683078,0.19309319291331872,0.13246421115136714,0.011153987644133645,0.020229448065536008,0.03340056827184266,0.04215051136338927,0.05177601492762412,0.06315869970030205,0.036978204995471296,0.2995056296793843,0.39690874406273374,0.5370675041603341,0.6305759281422681,0.7300469325796809,0.8314454413914455,0.570925030002641
