MAE1,MAE2,MAE3,MAE4,MAE5,MAE6,MAE_avg,MSE1,MSE2,MSE3,MSE4,MSE5,MSE6,MSE_avg,MAPE1,MAPE2,MAPE3,MAPE4,MAPE5,MAPE6,MAPE_avg
0.1408293251532153,0.18194539884135,0.22735320096345088,0.2564752411869346,0.2839259711112827,0.3187659422413923,0.23488251324960432,0.053333981055038525,0.07903548210279744,0.11334023958624213,0.13795239053043162,0.16021060179730448,0.19452865365753771,0.12306689145489198,0.5895036076594682,0.7634103229948211,0.9546138694694157,1.077135911060607,1.194189831283603,1.3407050461007568,0.9865930980947786
