MAE1,MAE2,MAE3,MAE4,MAE5,MAE6,MAE_avg,MSE1,MSE2,MSE3,MSE4,MSE5,MSE6,MSE_avg,MAPE1,MAPE2,MAPE3,MAPE4,MAPE5,MAPE6,MAPE_avg
0.22994990851638525,0.26946800075555494,0.321007096981566,0.29280699898987295,0.3940589943141472,0.42572858807160485,0.3221699312715219,0.12971672759834185,0.1548216324883543,0.21751093733436247,0.2063216526832037,0.3038755770694253,0.323047731723941,0.22254904314960477,0.9312251994238586,1.0932816528192197,1.2999633103762567,1.1835268287137637,1.5999172254600087,1.7300489267020638,1.3063271905825284
