MAE1,MAE2,MAE3,MAE4,MAE5,MAE6,MAE_avg,MSE1,MSE2,MSE3,MSE4,MSE5,MSE6,MSE_avg,MAPE1,MAPE2,MAPE3,MAPE4,MAPE5,MAPE6,MAPE_avg
0.12625965940564,0.16727092995599804,0.20817459875699418,0.23766365427553543,0.27685787825826697,0.3083069050966617,0.22075560429151606,0.0414325632879034,0.0674742053737572,0.09734647103710097,0.12106623833993833,0.14838488449192538,0.17249575898064032,0.10803335358521093,0.5659439083763692,0.7493842572921492,0.9319880214171546,1.062539980811983,1.2385823631081938,1.3785862956896968,0.9878374711159245
