MAE1,MAE2,MAE3,MAE4,MAE5,MAE6,MAE_avg,MSE1,MSE2,MSE3,MSE4,MSE5,MSE6,MSE_avg,MAPE1,MAPE2,MAPE3,MAPE4,MAPE5,MAPE6,MAPE_avg
0.06391877506425263,0.07773174954297801,0.09739743088276258,0.11414446943216057,0.13547380803155737,0.15715124609203202,0.10763624650762386,0.010796979793850294,0.016441066992166162,0.023918231430452058,0.030403894593910682,0.038784899748455864,0.050014250211330956,0.028393220461694336,0.27631610055442896,0.336173774188304,0.420833741862476,0.49223953759532535,0.5843901754330605,0.6778147196102167,0.46462800820730193
