MAE1,MAE2,MAE3,MAE4,MAE5,MAE6,MAE_avg,MSE1,MSE2,MSE3,MSE4,MSE5,MSE6,MSE_avg,MAPE1,MAPE2,MAPE3,MAPE4,MAPE5,MAPE6,MAPE_avg
0.0717245128025814,0.09249339543273183,0.11457742673887471,0.13536007804582406,0.1548181516460848,0.17808268808788538,0.12450937545899704,0.011126520891722013,0.02037507044605105,0.032992949540607754,0.04292268503058449,0.05355083936245334,0.06448102243199466,0.03757484795056888,0.31503407403843775,0.4074293165972261,0.5046550990138856,0.5953593023123853,0.6807266494234295,0.7825445170511409,0.5476248264060842
