MAE1,MAE2,MAE3,MAE4,MAE5,MAE6,MAE_avg,MSE1,MSE2,MSE3,MSE4,MSE5,MSE6,MSE_avg,MAPE1,MAPE2,MAPE3,MAPE4,MAPE5,MAPE6,MAPE_avg
0.256103870892893,0.27102270108492654,0.31167466266045757,0.31153412969056643,0.35854777721238257,0.3681079265938265,0.31283184468917546,0.13209492418172003,0.1444426691138186,0.17851558323705247,0.18312117788313056,0.2287997702148832,0.24668540945279346,0.18560992234723306,1.0255041094486959,1.08512379844711,1.2433668633750237,1.238270073581149,1.4302980146593807,1.4707510549056582,1.2488856524028362
