MAE1,MAE2,MAE3,MAE4,MAE5,MAE6,MAE_avg,MSE1,MSE2,MSE3,MSE4,MSE5,MSE6,MSE_avg,MAPE1,MAPE2,MAPE3,MAPE4,MAPE5,MAPE6,MAPE_avg
0.22822172324296378,0.2814352676590232,0.3421518594432809,0.3638256032562967,0.4108445033064465,0.45032537282820256,0.3461340549560356,0.08388818156196083,0.12490716590564853,0.1773892979537234,0.20143876193647062,0.2517498746222271,0.29387240353324406,0.18887428091887912,0.91262918498829,1.1257285478593992,1.3658077231118324,1.4513836791710644,1.6438954353165385,1.8047262015563055,1.3840284620005718
