MAE1,MAE2,MAE3,MAE4,MAE5,MAE6,MAE_avg,MSE1,MSE2,MSE3,MSE4,MSE5,MSE6,MSE_avg,MAPE1,MAPE2,MAPE3,MAPE4,MAPE5,MAPE6,MAPE_avg
0.2058336720898362,0.22034624830380412,0.2654293336050364,0.26312667373284676,0.28789442395956144,0.3054738145843027,0.25801736104589795,0.06582632466130464,0.07456847281104736,0.10415929356453997,0.10518995936290823,0.13040064191320122,0.14545708350296097,0.10426696263599372,0.833626131031152,0.8921551865697337,1.0701385217723285,1.0565494873480255,1.1603546467615646,1.2346145511390234,1.041239754103638
