MAE1,MAE2,MAE3,MAE4,MAE5,MAE6,MAE_avg,MSE1,MSE2,MSE3,MSE4,MSE5,MSE6,MSE_avg,MAPE1,MAPE2,MAPE3,MAPE4,MAPE5,MAPE6,MAPE_avg
0.2353526817446121,0.2602470568631555,0.3080317536918982,0.27722489010612006,0.3749021703448811,0.37860282818313956,0.3057268968223011,0.09710027121614906,0.10847819572205844,0.15621962723115385,0.1365656087260447,0.22283177917107677,0.23084362367247166,0.15867318428982577,0.9427495315513339,1.0372473857816067,1.2206311069490217,1.093058237892219,1.4871128358219208,1.4963539311177774,1.2128588381856467
