MAE1,MAE2,MAE3,MAE4,MAE5,MAE6,MAE_avg,MSE1,MSE2,MSE3,MSE4,MSE5,MSE6,MSE_avg,MAPE1,MAPE2,MAPE3,MAPE4,MAPE5,MAPE6,MAPE_avg
0.08807061363542938,0.11970678121894811,0.1559118832346505,0.18549786529402637,0.20990356112557038,0.24191900545831768,0.16683495166115705,0.01574327657169186,0.028311912119325544,0.04539016831585781,0.06142565282733992,0.07665088119192309,0.10005591540904056,0.0545963010725298,0.3751827610701676,0.5101524759797007,0.6643796760654592,0.7905000745010895,0.895787081329146,1.0320528494735886,0.711342486403192
