MAE1,MAE2,MAE3,MAE4,MAE5,MAE6,MAE_avg,MSE1,MSE2,MSE3,MSE4,MSE5,MSE6,MSE_avg,MAPE1,MAPE2,MAPE3,MAPE4,MAPE5,MAPE6,MAPE_avg
0.09023508014723862,0.1173797096104584,0.14583705343698056,0.16510153903480643,0.18869288479117186,0.21610839509351792,0.15389244368569563,0.021262414998267885,0.0374681239840299,0.05354567251278087,0.06628012873480424,0.07806631655403415,0.09298306927392591,0.058267621009640495,0.38524289038262044,0.501561060900014,0.6229680460858564,0.7047458040495774,0.8060705577602172,0.9228901379247784,0.6572464161838439
