MAE1,MAE2,MAE3,MAE4,MAE5,MAE6,MAE_avg,MSE1,MSE2,MSE3,MSE4,MSE5,MSE6,MSE_avg,MAPE1,MAPE2,MAPE3,MAPE4,MAPE5,MAPE6,MAPE_avg
0.20267105054008877,0.23628432943970956,0.27873921707084937,0.23907759451763486,0.3291752467842647,0.3512187101252357,0.2728610247462972,0.09362568600341509,0.10902556279889203,0.1481162895349575,0.12280291264500577,0.19888643166180164,0.20110430835983512,0.14559353183398452,0.8162150993255974,0.9489322691094763,1.114277302169533,0.9494071400232597,1.315367310140387,1.4033737479180521,1.0912621447810509
