MAE1,MAE2,MAE3,MAE4,MAE5,MAE6,MAE_avg,MSE1,MSE2,MSE3,MSE4,MSE5,MSE6,MSE_avg,MAPE1,MAPE2,MAPE3,MAPE4,MAPE5,MAPE6,MAPE_avg
0.24864680243055243,0.2919364089155277,0.3395062518998544,0.3106687906156637,0.3937355381562746,0.4029753324601426,0.33124485407966925,0.12263289007605498,0.15678200367484596,0.21688743154091372,0.20985989163848445,0.29225007166722383,0.30319983423652125,0.21693535380567405,0.9980025887050541,1.1685771369828426,1.3517503922067295,1.228660684281743,1.5670401180160085,1.6023704328270443,1.319400225503237
