MAE1,MAE2,MAE3,MAE4,MAE5,MAE6,MAE_avg,MSE1,MSE2,MSE3,MSE4,MSE5,MSE6,MSE_avg,MAPE1,MAPE2,MAPE3,MAPE4,MAPE5,MAPE6,MAPE_avg
0.39426427249416607,0.4928290365197133,0.6191451376963693,0.616267455918154,0.7482963881802382,0.7898895437823653,0.6101153057651677,0.27008029541602707,0.41569639573111294,0.6346965181446363,0.7296809358442361,0.9374257228136639,1.0340408372908656,0.6702701175400904,1.7272121274286556,2.1583263183648613,2.7054658732814474,2.70704953152668,3.267951140690499,3.4501082606213895,2.669352208652255
