MAE1,MAE2,MAE3,MAE4,MAE5,MAE6,MAE_avg,MSE1,MSE2,MSE3,MSE4,MSE5,MSE6,MSE_avg,MAPE1,MAPE2,MAPE3,MAPE4,MAPE5,MAPE6,MAPE_avg
0.2504713728785651,0.28637497750729946,0.33102748188322734,0.3003905942586094,0.3721607890889171,0.37848411228221657,0.3198182213164725,0.11590919372524387,0.14424950855036325,0.19527432140668566,0.18607225676408126,0.25295840233394135,0.2583531699422554,0.19213614212042848,1.0061412876265272,1.146934153161305,1.319408625016008,1.189998804191563,1.4826460233256946,1.5066243480983432,1.2752922069032404
