MAE1,MAE2,MAE3,MAE4,MAE5,MAE6,MAE_avg,MSE1,MSE2,MSE3,MSE4,MSE5,MSE6,MSE_avg,MAPE1,MAPE2,MAPE3,MAPE4,MAPE5,MAPE6,MAPE_avg
0.22745048201222354,0.25320885509932944,0.3003398591779705,0.3055954178753188,0.3512626727651208,0.3719307284825294,0.3016313359020821,0.11223158303243344,0.1458047131676144,0.19571506693338322,0.2102597923161884,0.2615352165791175,0.2815979222666392,0.20119071571589606,0.9149983576629445,1.0164535867092717,1.2023901904276126,1.2188793617267644,1.4103121534475669,1.4963764443938012,1.2099016823946602
