MAE1,MAE2,MAE3,MAE4,MAE5,MAE6,MAE_avg,MSE1,MSE2,MSE3,MSE4,MSE5,MSE6,MSE_avg,MAPE1,MAPE2,MAPE3,MAPE4,MAPE5,MAPE6,MAPE_avg
0.13599810937691825,0.1659220981716191,0.19687097843082757,0.21662168801398082,0.23856127851590822,0.265349119688931,0.20322054536636416,0.03949512288312381,0.060148240300236314,0.0832021266651552,0.09912888479877298,0.11469723453639583,0.13722095764561423,0.08898209447154974,0.5780326762047705,0.706521704386593,0.8382747098051616,0.9224091831685327,1.015664307534783,1.1297706620887071,0.8651122071980913
