MAE1,MAE2,MAE3,MAE4,MAE5,MAE6,MAE_avg,MSE1,MSE2,MSE3,MSE4,MSE5,MSE6,MSE_avg,MAPE1,MAPE2,MAPE3,MAPE4,MAPE5,MAPE6,MAPE_avg
0.2517958514807634,0.28100251674908777,0.32618732042112114,0.30010617854092597,0.40502898520766506,0.4063846382973069,0.3284175817828117,0.11904562910254897,0.13208944371789275,0.18405690942315686,0.16448778274180992,0.26660640521648116,0.27617804126928286,0.19041070191186207,0.9988289718163743,1.111236753385343,1.2844128654735816,1.1742734249937758,1.5968332205069193,1.5961709125492864,1.2936260247875466
