MAE1,MAE2,MAE3,MAE4,MAE5,MAE6,MAE_avg,MSE1,MSE2,MSE3,MSE4,MSE5,MSE6,MSE_avg,MAPE1,MAPE2,MAPE3,MAPE4,MAPE5,MAPE6,MAPE_avg
0.23460259288036797,0.2613484530316087,0.30132598083992196,0.29482686163654054,0.35600911909914906,0.37223293647395456,0.30339099066025715,0.11862330433488175,0.15287378157875645,0.19729472476600474,0.20281004428309615,0.2672882138733599,0.2888214485501875,0.20461858623104776,0.9419185377599221,1.0477674660499554,1.2037339828913614,1.1716881805511585,1.4249654344352771,1.4924741493998377,1.2137579585145855
