MAE1,MAE2,MAE3,MAE4,MAE5,MAE6,MAE_avg,MSE1,MSE2,MSE3,MSE4,MSE5,MSE6,MSE_avg,MAPE1,MAPE2,MAPE3,MAPE4,MAPE5,MAPE6,MAPE_avg
0.33374895758292633,0.38292230997167126,0.4565856658582643,0.4782627214504852,0.48439982769885387,0.4914145776014504,0.4378890100272752,0.17777253964201747,0.22588407501899468,0.3019569775518003,0.3371156876307153,0.36205001450112806,0.3768062299910534,0.29693092072261823,1.4005378104884103,1.60440222764359,1.904949064805065,1.9892620876519753,2.011488799858585,2.037585798074396,1.8247042980870036
