MAE1,MAE2,MAE3,MAE4,MAE5,MAE6,MAE_avg,MSE1,MSE2,MSE3,MSE4,MSE5,MSE6,MSE_avg,MAPE1,MAPE2,MAPE3,MAPE4,MAPE5,MAPE6,MAPE_avg
0.06743096016415774,0.0838695513851485,0.10312726901771159,0.1240929801353535,0.1447004543481628,0.16669576650368872,0.11498616359237046,0.01190374883017991,0.018911000626198132,0.026813693825578033,0.03471388303313832,0.04391082784302751,0.05471142879976562,0.03182743049298125,0.29174593151085854,0.36320429106955754,0.445985117265886,0.5354936073501929,0.6246037621388458,0.7192406706567924,0.49671222999868886
