MAE1,MAE2,MAE3,MAE4,MAE5,MAE6,MAE_avg,MSE1,MSE2,MSE3,MSE4,MSE5,MSE6,MSE_avg,MAPE1,MAPE2,MAPE3,MAPE4,MAPE5,MAPE6,MAPE_avg
0.13005020703285472,0.16933054141885098,0.21200601941211134,0.24094685991634088,0.27981360759558416,0.3120672478585822,0.22403574720572073,0.046416260540867504,0.07278917661354427,0.10374729108106635,0.12801967752376012,0.15555218201772214,0.18021445350852933,0.11445650688091495,0.5833069857914627,0.7589981970326873,0.9494699373473523,1.0773735508572033,1.2517964545418092,1.3952937792203004,1.0027064841318025
