MAE1,MAE2,MAE3,MAE4,MAE5,MAE6,MAE_avg,MSE1,MSE2,MSE3,MSE4,MSE5,MSE6,MSE_avg,MAPE1,MAPE2,MAPE3,MAPE4,MAPE5,MAPE6,MAPE_avg
0.19737963494768368,0.24832287585691093,0.3201319194381415,0.2942727003699253,0.41635136676742796,0.4489629480560212,0.3209035742393518,0.09898580590679455,0.13837524611739946,0.22492100731811357,0.23576028414095543,0.3492648077227865,0.3882828940813221,0.23926500754789526,0.8174907146806838,1.0281839804426183,1.3232389480307556,1.2187652293601026,1.7222915937141745,1.8550013728164068,1.3274953065074568
