MAE1,MAE2,MAE3,MAE4,MAE5,MAE6,MAE_avg,MSE1,MSE2,MSE3,MSE4,MSE5,MSE6,MSE_avg,MAPE1,MAPE2,MAPE3,MAPE4,MAPE5,MAPE6,MAPE_avg
0.27899120360701973,0.3178725797525704,0.3725881228803978,0.3952876031129545,0.41595827419048204,0.4357373572361652,0.36940585679659826,0.1576598949593866,0.19008572082391617,0.23784273410353196,0.2635641734818759,0.29770499765411423,0.3236108069999848,0.24507805467046828,1.1451818334677086,1.3056309829730364,1.5267218732091994,1.6167342544144248,1.700871103077412,1.7817397450418808,1.512813298697277
