MAE1,MAE2,MAE3,MAE4,MAE5,MAE6,MAE_avg,MSE1,MSE2,MSE3,MSE4,MSE5,MSE6,MSE_avg,MAPE1,MAPE2,MAPE3,MAPE4,MAPE5,MAPE6,MAPE_avg
0.17183646163711241,0.19982949143512296,0.2467911788928063,0.2568590648028275,0.30019561474873085,0.3420248053143016,0.25292276947181697,0.05265386731166783,0.07331527782150356,0.10980245856876195,0.1215769293961397,0.16627906600427114,0.20420919595615789,0.12130613250975035,0.6919746858413395,0.801929407838165,0.9868723620470443,1.0241640559312177,1.2058917029979979,1.3774990492100718,1.0147218773109727
