MAE1,MAE2,MAE3,MAE4,MAE5,MAE6,MAE_avg,MSE1,MSE2,MSE3,MSE4,MSE5,MSE6,MSE_avg,MAPE1,MAPE2,MAPE3,MAPE4,MAPE5,MAPE6,MAPE_avg
0.23780105160036022,0.2849126710783506,0.3352991593325837,0.3131901566178325,0.40739034198803237,0.43227371034570283,0.33514451516047705,0.11842918301840524,0.1654773902824652,0.22585071090636138,0.23297700611158118,0.32363641924201986,0.3534483371709359,0.2366365077886281,0.9621485044860951,1.1503205573827577,1.3486722442367578,1.2538306095827931,1.6382401456443256,1.7381969579556396,1.3485681698813947
