MAE1,MAE2,MAE3,MAE4,MAE5,MAE6,MAE_avg,MSE1,MSE2,MSE3,MSE4,MSE5,MSE6,MSE_avg,MAPE1,MAPE2,MAPE3,MAPE4,MAPE5,MAPE6,MAPE_avg
0.147158316215336,0.1877145326659987,0.23363494922826736,0.26371917610265505,0.2914742278267108,0.3256128599148694,0.24155234365897285,0.059104983925161635,0.08544601973171947,0.12203347434811046,0.14814021508030586,0.17119673547158548,0.206840751772891,0.13212703005496232,0.6151645915708818,0.7863417442231261,0.9795947956843574,1.106300376132915,1.2246456438555235,1.368038745670274,1.0133476495228464
