MAE1,MAE2,MAE3,MAE4,MAE5,MAE6,MAE_avg,MSE1,MSE2,MSE3,MSE4,MSE5,MSE6,MSE_avg,MAPE1,MAPE2,MAPE3,MAPE4,MAPE5,MAPE6,MAPE_avg
0.07622949227986038,0.09934071768104995,0.1317463199740601,0.15449978742194864,0.17688113844791922,0.19899295858408006,0.1396150690648197,0.01281865535097924,0.022546742850992733,0.03610311426429037,0.04524320290968815,0.05517494654183837,0.06654228443630152,0.039738157725681726,0.3278719291836146,0.4276344191977119,0.5670651624394549,0.6643000162486411,0.761424287562028,0.8558317958423051,0.6006879350789592
