MAE1,MAE2,MAE3,MAE4,MAE5,MAE6,MAE_avg,MSE1,MSE2,MSE3,MSE4,MSE5,MSE6,MSE_avg,MAPE1,MAPE2,MAPE3,MAPE4,MAPE5,MAPE6,MAPE_avg
0.19248211371500423,0.23345963119438737,0.2829127697124069,0.2553402696783322,0.35180186719173484,0.3826311861011812,0.2831046395988412,0.09367020704203298,0.12003112059761065,0.17756156651739624,0.17099038058619448,0.25861162724425124,0.2789974460425784,0.183310391338344,0.7868425726195656,0.9542691915140117,1.1515854671262546,1.0386542143917357,1.4341172193313196,1.5607451158112424,1.1543689634656882
