MAE1,MAE2,MAE3,MAE4,MAE5,MAE6,MAE_avg,MSE1,MSE2,MSE3,MSE4,MSE5,MSE6,MSE_avg,MAPE1,MAPE2,MAPE3,MAPE4,MAPE5,MAPE6,MAPE_avg
0.09971194192606747,0.1323585993791604,0.16791477673037258,0.19786570152536492,0.22159962256140503,0.2528190652792789,0.17871161790027487,0.02030035387650994,0.034349239986283926,0.05318494509039954,0.07052997208969118,0.08623377896408954,0.11055319224023595,0.06252524704120167,0.42356822298107827,0.562586060310053,0.7137381120236523,0.8413088634250929,0.9436791558485533,1.0764496922656939,0.7602216844756873
