MAE1,MAE2,MAE3,MAE4,MAE5,MAE6,MAE_avg,MSE1,MSE2,MSE3,MSE4,MSE5,MSE6,MSE_avg,MAPE1,MAPE2,MAPE3,MAPE4,MAPE5,MAPE6,MAPE_avg
0.1662732482988439,0.18629205937515597,0.2218554723257454,0.20912619745882327,0.248360104277775,0.2764815494905143,0.21806477187114295,0.050453136687269945,0.06736765601853253,0.09874662571739234,0.09478738470069734,0.13223180635563356,0.15492365508353545,0.0997517107605102,0.6730858205773338,0.752164291725835,0.8928265785373816,0.8376011550138538,1.0004359156975178,1.116472752743942,0.8787644190493106
