MAE1,MAE2,MAE3,MAE4,MAE5,MAE6,MAE_avg,MSE1,MSE2,MSE3,MSE4,MSE5,MSE6,MSE_avg,MAPE1,MAPE2,MAPE3,MAPE4,MAPE5,MAPE6,MAPE_avg
0.26290170694799136,0.2943946311354295,0.3646607134725422,0.3612635566263915,0.40856843974467705,0.4204202371957799,0.3520348808538019,0.14962141825255285,0.1949521671234531,0.30493119938380314,0.3161779027077643,0.3558284153076652,0.3937513963594108,0.2858770831891082,1.0562086944629414,1.1762460460863169,1.448487535748394,1.4302035879017556,1.6232323747484814,1.6709565748983306,1.4008891356410365
