MAE1,MAE2,MAE3,MAE4,MAE5,MAE6,MAE_avg,MSE1,MSE2,MSE3,MSE4,MSE5,MSE6,MSE_avg,MAPE1,MAPE2,MAPE3,MAPE4,MAPE5,MAPE6,MAPE_avg
0.3332872780706589,0.37981324007237177,0.45730523658526334,0.48400541055363777,0.4981102528340223,0.5035012828866217,0.44267045016709594,0.1907617375584033,0.23922433297091963,0.3220664329546156,0.3637259809635946,0.4004152320290864,0.4160679297785761,0.32204360770919926,1.3865886222250243,1.5798314221351584,1.895280978394456,2.0007637918392844,2.0551851825360115,2.0747156261062165,1.832060937206025
