MAE1,MAE2,MAE3,MAE4,MAE5,MAE6,MAE_avg,MSE1,MSE2,MSE3,MSE4,MSE5,MSE6,MSE_avg,MAPE1,MAPE2,MAPE3,MAPE4,MAPE5,MAPE6,MAPE_avg
0.25260438516778977,0.2967873917842607,0.3547299893935061,0.32932881792997265,0.4470956631845911,0.47366180592558377,0.359034675564284,0.13189327697170772,0.17538501474902937,0.24869089345393705,0.2579406675417907,0.37194127580797787,0.4127051906177443,0.2664260531903645,1.0236675220926106,1.2011319535373743,1.432766597692042,1.3268776790673065,1.8075230728197007,1.9121224213090589,1.4506815410863487
