MAE1,MAE2,MAE3,MAE4,MAE5,MAE6,MAE_avg,MSE1,MSE2,MSE3,MSE4,MSE5,MSE6,MSE_avg,MAPE1,MAPE2,MAPE3,MAPE4,MAPE5,MAPE6,MAPE_avg
0.2731133487749803,0.3284203708392364,0.40228801908295625,0.377502582186421,0.5022673839990518,0.5328811065001887,0.40274546856380583,0.15164302635957497,0.2073457523966778,0.30717940985977565,0.3226250128279453,0.4463029614974362,0.48469701445127933,0.3199655295654482,1.12301034977479,1.3504148916927483,1.652349789056644,1.5515160544902105,2.0659772857045593,2.18965655977689,1.6554874884159734
