MAE1,MAE2,MAE3,MAE4,MAE5,MAE6,MAE_avg,MSE1,MSE2,MSE3,MSE4,MSE5,MSE6,MSE_avg,MAPE1,MAPE2,MAPE3,MAPE4,MAPE5,MAPE6,MAPE_avg
0.18035505188371587,0.20530110956504732,0.24464826631356468,0.23876793756283896,0.25896660063067023,0.2838111315115628,0.2353083495779,0.057924697818617275,0.07026582611195459,0.0937776088545173,0.09374328937227921,0.10746362033073192,0.12807802119973002,0.09187551061463839,0.7385186799212821,0.8353353034819078,0.9928611603567042,0.9645900250098144,1.0501444761562253,1.1510943782499217,0.9554240038626426
