MAE1,MAE2,MAE3,MAE4,MAE5,MAE6,MAE_avg,MSE1,MSE2,MSE3,MSE4,MSE5,MSE6,MSE_avg,MAPE1,MAPE2,MAPE3,MAPE4,MAPE5,MAPE6,MAPE_avg
0.69496274,0.6807147,0.6971245,0.7164967,0.7349871,0.7645279,0.71480227,0.948879,0.93045455,0.90044665,0.9176431,0.9528541,1.0208185,0.9451826,3.5462606698274612,3.4873243421316147,3.5587023943662643,3.6544959992170334,3.7479035556316376,3.8910094648599625,3.6476160710056624
