MAE1,MAE2,MAE3,MAE4,MAE5,MAE6,MAE_avg,MSE1,MSE2,MSE3,MSE4,MSE5,MSE6,MSE_avg,MAPE1,MAPE2,MAPE3,MAPE4,MAPE5,MAPE6,MAPE_avg
0.32129535,0.324229,0.32508728,0.33071426,0.34287888,0.36321914,0.33457065,0.23356977,0.23565225,0.23813035,0.24574566,0.26453444,0.29467505,0.25205123,1.3028093613684177,1.3151105493307114,1.3187220320105553,1.3416497968137264,1.391191128641367,1.4750096015632153,1.3574154116213322
