MAE1,MAE2,MAE3,MAE4,MAE5,MAE6,MAE_avg,MSE1,MSE2,MSE3,MSE4,MSE5,MSE6,MSE_avg,MAPE1,MAPE2,MAPE3,MAPE4,MAPE5,MAPE6,MAPE_avg
0.73300356,0.73649496,0.73888594,0.7436704,0.73020416,0.76352495,0.740964,0.86807936,0.903026,0.9307277,1.0022548,1.0080693,1.0947455,0.9678171,3.7139829248189926,3.736039623618126,3.7578035145998,3.7928901612758636,3.7314683198928833,3.8964085280895233,3.7714321787158647
