MAE1,MAE2,MAE3,MAE4,MAE5,MAE6,MAE_avg,MSE1,MSE2,MSE3,MSE4,MSE5,MSE6,MSE_avg,MAPE1,MAPE2,MAPE3,MAPE4,MAPE5,MAPE6,MAPE_avg
0.32529408,0.324949,0.3344699,0.33869508,0.33790275,0.3347963,0.33268452,0.22447212,0.22978427,0.23730686,0.24659546,0.24221474,0.2382999,0.23644555,1.3866019435226917,1.382953766733408,1.4251643791794777,1.4423725195229053,1.439122948795557,1.427200436592102,1.4172359990576904
