MAE1,MAE2,MAE3,MAE4,MAE5,MAE6,MAE_avg,MSE1,MSE2,MSE3,MSE4,MSE5,MSE6,MSE_avg,MAPE1,MAPE2,MAPE3,MAPE4,MAPE5,MAPE6,MAPE_avg
0.27451342,0.28358984,0.28035596,0.2766007,0.28983724,0.29553697,0.2834057,0.16178249,0.16632715,0.1594358,0.15302113,0.16639335,0.17885104,0.16430183,1.1259384453296661,1.1634638532996178,1.150418072938919,1.1349170468747616,1.1899112723767757,1.2135617434978485,1.1630350723862648
