MAE1,MAE2,MAE3,MAE4,MAE5,MAE6,MAE_avg,MSE1,MSE2,MSE3,MSE4,MSE5,MSE6,MSE_avg,MAPE1,MAPE2,MAPE3,MAPE4,MAPE5,MAPE6,MAPE_avg
0.24212559,0.23237571,0.24541527,0.22267342,0.22708179,0.2674654,0.23952286,0.12786576,0.117824644,0.12257478,0.11847004,0.116858765,0.15234901,0.1259905,1.3168470934033394,1.2736599892377853,1.3415481895208359,1.235146727412939,1.2733196839690208,1.4815986156463623,1.3203533831983805
