MAE1,MAE2,MAE3,MAE4,MAE5,MAE6,MAE_avg,MSE1,MSE2,MSE3,MSE4,MSE5,MSE6,MSE_avg,MAPE1,MAPE2,MAPE3,MAPE4,MAPE5,MAPE6,MAPE_avg
0.39830872,0.4099227,0.4026166,0.40995717,0.40971887,0.4192185,0.40829042,0.38063782,0.39811596,0.39104125,0.39289013,0.39477336,0.40321863,0.3934462,1.6247333958745003,1.6692817211151123,1.6413414850831032,1.6706617549061775,1.6696475446224213,1.7075411975383759,1.663867849856615
