MAE1,MAE2,MAE3,MAE4,MAE5,MAE6,MAE_avg,MSE1,MSE2,MSE3,MSE4,MSE5,MSE6,MSE_avg,MAPE1,MAPE2,MAPE3,MAPE4,MAPE5,MAPE6,MAPE_avg
0.7896386,0.76404196,0.7460017,0.7434466,0.73392177,0.7484344,0.7542475,1.3644389,1.276799,1.2399122,1.2409195,1.2259796,1.2762954,1.2707242,3.9998728781938553,3.8738828152418137,3.7844061851501465,3.766556829214096,3.7150438874959946,3.7787340581417084,3.8197494422396026
