MAE1,MAE2,MAE3,MAE4,MAE5,MAE6,MAE_avg,MSE1,MSE2,MSE3,MSE4,MSE5,MSE6,MSE_avg,MAPE1,MAPE2,MAPE3,MAPE4,MAPE5,MAPE6,MAPE_avg
0.3844143,0.39537087,0.4033327,0.40379563,0.40522984,0.41625285,0.40139937,0.3402919,0.36339593,0.38285092,0.38877133,0.3990669,0.42621833,0.38343254,1.8004074692726135,1.8542850390076637,1.8949586898088455,1.8986381590366364,1.907932199537754,1.962878555059433,1.8865166852871578
