MAE1,MAE2,MAE3,MAE4,MAE5,MAE6,MAE_avg,MSE1,MSE2,MSE3,MSE4,MSE5,MSE6,MSE_avg,MAPE1,MAPE2,MAPE3,MAPE4,MAPE5,MAPE6,MAPE_avg
0.7432766,0.7488332,0.74018633,0.7260718,0.72769624,0.74641526,0.7387466,0.7860274,0.7941462,0.78545135,0.76469713,0.7695139,0.79470885,0.78242415,3.087986074388027,3.1122250482439995,3.0736809596419334,3.0129192396998405,3.0188143253326416,3.100571222603321,3.067699478318294
