MAE1,MAE2,MAE3,MAE4,MAE5,MAE6,MAE_avg,MSE1,MSE2,MSE3,MSE4,MSE5,MSE6,MSE_avg,MAPE1,MAPE2,MAPE3,MAPE4,MAPE5,MAPE6,MAPE_avg
0.5338576,0.54208374,0.5495164,0.5508145,0.5628479,0.5673026,0.55107045,0.36682016,0.37718323,0.38881165,0.39490318,0.41028228,0.42592308,0.39398727,2.161046303808689,2.1954797208309174,2.2254304960370064,2.2315511479973793,2.279399149119854,2.2979972884058952,2.2318173510332904
