MAE1,MAE2,MAE3,MAE4,MAE5,MAE6,MAE_avg,MSE1,MSE2,MSE3,MSE4,MSE5,MSE6,MSE_avg,MAPE1,MAPE2,MAPE3,MAPE4,MAPE5,MAPE6,MAPE_avg
0.5983934,0.57533956,0.57833993,0.58696663,0.59163797,0.6134524,0.5906883,0.6104543,0.58136564,0.5962306,0.62484527,0.6356435,0.67241824,0.62015957,2.7896184474229813,2.6788759976625443,2.6949722319841385,2.7358608320355415,2.756502665579319,2.8585147112607956,2.75239081432422
