MAE1,MAE2,MAE3,MAE4,MAE5,MAE6,MAE_avg,MSE1,MSE2,MSE3,MSE4,MSE5,MSE6,MSE_avg,MAPE1,MAPE2,MAPE3,MAPE4,MAPE5,MAPE6,MAPE_avg
0.3663129,0.37617847,0.38845822,0.3901042,0.41180825,0.44296074,0.39597046,0.2698471,0.28245366,0.2988727,0.3090658,0.3417524,0.3904915,0.31541386,1.7695680260658264,1.8108196556568146,1.8646236509084702,1.8692102283239365,1.9654197618365288,2.1116768941283226,1.8985530361533165
