MAE1,MAE2,MAE3,MAE4,MAE5,MAE6,MAE_avg,MSE1,MSE2,MSE3,MSE4,MSE5,MSE6,MSE_avg,MAPE1,MAPE2,MAPE3,MAPE4,MAPE5,MAPE6,MAPE_avg
0.5322056,0.53262323,0.51395273,0.51735723,0.5054265,0.5087519,0.5183862,0.41600198,0.40668634,0.38901597,0.3803614,0.3708204,0.37143412,0.38905337,2.2330008447170258,2.2285131737589836,2.156519331037998,2.168942056596279,2.119639329612255,2.129826135933399,2.17274014527599
