MAE1,MAE2,MAE3,MAE4,MAE5,MAE6,MAE_avg,MSE1,MSE2,MSE3,MSE4,MSE5,MSE6,MSE_avg,MAPE1,MAPE2,MAPE3,MAPE4,MAPE5,MAPE6,MAPE_avg
0.57644945,0.56746274,0.5479533,0.56763136,0.5710748,0.5805514,0.5685205,0.7055959,0.67933863,0.65070975,0.68966764,0.6875475,0.73223406,0.6908489,2.928452752530575,2.8898071497678757,2.7859697118401527,2.8934650123119354,2.9193565249443054,2.9682492837309837,2.8975500725209713
