MAE1,MAE2,MAE3,MAE4,MAE5,MAE6,MAE_avg,MSE1,MSE2,MSE3,MSE4,MSE5,MSE6,MSE_avg,MAPE1,MAPE2,MAPE3,MAPE4,MAPE5,MAPE6,MAPE_avg
0.60221153,0.60936594,0.5955971,0.5911642,0.5831051,0.61012,0.59859395,0.58431894,0.5868508,0.565973,0.564075,0.56505805,0.6002464,0.5777537,2.786925248801708,2.823452278971672,2.759386785328388,2.7402929961681366,2.7032213285565376,2.8269222006201744,2.7733668064077697
