MAE1,MAE2,MAE3,MAE4,MAE5,MAE6,MAE_avg,MSE1,MSE2,MSE3,MSE4,MSE5,MSE6,MSE_avg,MAPE1,MAPE2,MAPE3,MAPE4,MAPE5,MAPE6,MAPE_avg
0.59067184,0.5793804,0.59259826,0.5980389,0.60388404,0.61356676,0.5963567,0.71247673,0.6855586,0.7051827,0.7108783,0.7111212,0.7185745,0.7072987,2.3797035217285156,2.3346014320850372,2.387630380690098,2.4100326001644135,2.4347029626369476,2.4758901447057724,2.403760173668464
