MAE1,MAE2,MAE3,MAE4,MAE5,MAE6,MAE_avg,MSE1,MSE2,MSE3,MSE4,MSE5,MSE6,MSE_avg,MAPE1,MAPE2,MAPE3,MAPE4,MAPE5,MAPE6,MAPE_avg
0.5106874,0.51331085,0.50904334,0.5165426,0.51529825,0.5124562,0.51288974,0.5321205,0.53617495,0.53289366,0.5370083,0.5369103,0.53757477,0.53544706,2.0504621788859367,2.0615696907043457,2.045639045536518,2.0752957090735435,2.0704276859760284,2.060290426015854,2.0606141226987043
