MAE1,MAE2,MAE3,MAE4,MAE5,MAE6,MAE,MSE1,MSE2,MSE3,MSE4,MSE5,MSE6,MSE,MAPE1,MAPE2,MAPE3,MAPE4,MAPE5,MAPE6,MAPE
0.42384586,0.46356338,0.43030968,0.48155883,0.38437298,0.41986436,0.4339192,0.346418,0.34937668,0.3010851,0.3560297,0.27144334,0.30825597,0.3221015,1.9233737140893936,2.1146101877093315,1.9691547378897667,2.2137708961963654,1.7684053629636765,1.9277222454547882,1.9861729815602303
