MAE1,MAE2,MAE3,MAE4,MAE5,MAE6,MAE_avg,MSE1,MSE2,MSE3,MSE4,MSE5,MSE6,MSE_avg,MAPE1,MAPE2,MAPE3,MAPE4,MAPE5,MAPE6,MAPE_avg
0.7161972,0.70542806,0.72246855,0.73029363,0.7706058,0.82861143,0.74560076,0.9697372,0.9413839,0.95903075,0.9714767,1.0335959,1.0811344,0.9927265,3.3756691962480545,3.3253751695156097,3.401084989309311,3.442089632153511,3.6313649266958237,3.9005108177661896,3.5126824552814164
