MAE1,MAE2,MAE3,MAE4,MAE5,MAE6,MAE,MSE1,MSE2,MSE3,MSE4,MSE5,MSE6,MSE,MAPE1,MAPE2,MAPE3,MAPE4,MAPE5,MAPE6,MAPE
0.71608734,0.6890228,0.7031538,0.69954115,0.7030525,0.7319166,0.70712894,0.99965686,0.927233,0.93786794,0.9386283,0.96536547,1.0909418,0.9766156,3.596414253115654,3.4645233303308487,3.5248029977083206,3.5073503851890564,3.5226698964834213,3.6589719355106354,3.545788675546646
