MAE1,MAE2,MAE3,MAE4,MAE5,MAE6,MAE_avg,MSE1,MSE2,MSE3,MSE4,MSE5,MSE6,MSE_avg,MAPE1,MAPE2,MAPE3,MAPE4,MAPE5,MAPE6,MAPE_avg
1.0801665,1.0251243,0.9616978,0.9390318,0.9949671,0.9953081,0.99938256,2.1893542,2.0663762,1.9154872,1.85144,2.0536458,1.9618351,2.0063565,5.532373487949371,5.262438207864761,4.953044280409813,4.829571768641472,5.114848539233208,5.0615061074495316,5.125630398591359
