MAE1,MAE2,MAE3,MAE4,MAE5,MAE6,MAE,MSE1,MSE2,MSE3,MSE4,MSE5,MSE6,MSE,MAPE1,MAPE2,MAPE3,MAPE4,MAPE5,MAPE6,MAPE
0.9215578,0.9284113,0.92866224,0.9377727,0.92908967,0.9335605,0.9298422,1.350718,1.354986,1.3603665,1.3633478,1.3669232,1.3698561,1.361033,4.1746485978364944,4.209793731570244,4.21149842441082,4.259355366230011,4.215516895055771,4.239596799015999,4.2184017598629
