MAE1,MAE2,MAE3,MAE4,MAE5,MAE6,MAE_avg,MSE1,MSE2,MSE3,MSE4,MSE5,MSE6,MSE_avg,MAPE1,MAPE2,MAPE3,MAPE4,MAPE5,MAPE6,MAPE_avg
1.27617,1.168228,1.1497897,1.1554699,1.1389709,1.1263312,1.16916,2.6655304,2.4008296,2.298583,2.2848673,2.2915006,2.2099264,2.3585396,6.077808514237404,5.614993721246719,5.504272505640984,5.532290041446686,5.446967110037804,5.4143548011779785,5.598447782297929
