MAE1,MAE2,MAE3,MAE4,MAE5,MAE6,MAE_avg,MSE1,MSE2,MSE3,MSE4,MSE5,MSE6,MSE_avg,MAPE1,MAPE2,MAPE3,MAPE4,MAPE5,MAPE6,MAPE_avg
0.4988418,0.48473167,0.47795287,0.4657017,0.47037086,0.4950422,0.48210683,0.45842457,0.4476611,0.44736373,0.4308767,0.43153262,0.4556154,0.44524565,2.3053793236613274,2.24543958902359,2.2181561216712,2.1641841158270836,2.186822332441807,2.2994305938482285,2.236568679412206
