MAE1,MAE2,MAE3,MAE4,MAE5,MAE6,MAE_avg,MSE1,MSE2,MSE3,MSE4,MSE5,MSE6,MSE_avg,MAPE1,MAPE2,MAPE3,MAPE4,MAPE5,MAPE6,MAPE_avg
0.90997905,0.9284366,0.91469795,0.8990399,0.89507675,0.9203352,0.9112609,1.4801602,1.5469081,1.5234268,1.4917775,1.5392449,1.6176294,1.5331911,4.7173187136650085,4.8088159412145615,4.735185578465462,4.659027978777885,4.64475154876709,4.776453971862793,4.723592288792133
