MAE1,MAE2,MAE3,MAE4,MAE5,MAE6,MAE_avg,MSE1,MSE2,MSE3,MSE4,MSE5,MSE6,MSE_avg,MAPE1,MAPE2,MAPE3,MAPE4,MAPE5,MAPE6,MAPE_avg
0.22256735519512852,0.2840126492127689,0.36070773702356695,0.39991762181137813,0.45822920394121697,0.5144162483461043,0.3733084692550273,0.14371511467196385,0.22701658333668345,0.30065089905505604,0.34122820529084835,0.39401742570477316,0.4647502376045491,0.31189641094397896,1.052268508940755,1.3512182965719777,1.7318936056698844,1.9256324273154775,2.218954029666013,2.4933446757574975,1.795551923986934
