MAE1,MAE2,MAE3,MAE4,MAE5,MAE6,MAE_avg,MSE1,MSE2,MSE3,MSE4,MSE5,MSE6,MSE_avg,MAPE1,MAPE2,MAPE3,MAPE4,MAPE5,MAPE6,MAPE_avg
0.23456688439715492,0.2946183593007981,0.4001129048656642,0.45355394065464466,0.5337157861397103,0.5946938538843384,0.41854362154038505,0.11120452269483151,0.17502140014309844,0.28094812773823175,0.3474917257787845,0.45378981379885974,0.5399088525713563,0.31806074045419375,1.2078465204982431,1.5112372062356094,2.0542247307561454,2.3262621908678116,2.7431952816768237,3.0649415047398723,2.151284572462418
