MAE1,MAE2,MAE3,MAE4,MAE5,MAE6,MAE_avg,MSE1,MSE2,MSE3,MSE4,MSE5,MSE6,MSE_avg,MAPE1,MAPE2,MAPE3,MAPE4,MAPE5,MAPE6,MAPE_avg
0.1296357329537103,0.15382666611303658,0.18055854607411043,0.20693139015619155,0.23303138648864782,0.2600077607920255,0.19399858042962034,0.03623962009792309,0.052544515583720426,0.07207669886218285,0.09163121769301039,0.11228788836889117,0.1376338286878932,0.08373562821560353,0.5724165397406752,0.6810532812755696,0.7992426357940214,0.9163544485449336,1.0321100678100292,1.1527970224972484,0.8589956659437462
