MAE1,MAE2,MAE3,MAE4,MAE5,MAE6,MAE_avg,MSE1,MSE2,MSE3,MSE4,MSE5,MSE6,MSE_avg,MAPE1,MAPE2,MAPE3,MAPE4,MAPE5,MAPE6,MAPE_avg
0.20606050344630777,0.2749199655482388,0.3673543066072273,0.42424796711207685,0.5005435549146785,0.5749575177163727,0.3913473025574837,0.12278328421984175,0.21511847002403264,0.31982034986280167,0.3955315087374825,0.49321155840606795,0.6093559317872835,0.35930351717291836,0.9841165275569244,1.312141596801359,1.7637784955527023,2.035772127547195,2.4183248374942585,2.7856903091856395,1.8833039823563464
