MAE1,MAE2,MAE3,MAE4,MAE5,MAE6,MAE_avg,MSE1,MSE2,MSE3,MSE4,MSE5,MSE6,MSE_avg,MAPE1,MAPE2,MAPE3,MAPE4,MAPE5,MAPE6,MAPE_avg
0.36144238479818375,0.4547836714586568,0.5597489418496872,0.6224509329024884,0.7014288697652281,0.7595320740118863,0.5765644791310218,0.3070140044605149,0.49715413784888957,0.68642270251898,0.8283779599441465,0.9927911316201137,1.1386103976074546,0.7417283890000165,1.607569669828681,2.0387408299493837,2.5395180862146653,2.8353241004498773,3.2276709534868506,3.5138539064265992,2.627112924392676
