MAE1,MAE2,MAE3,MAE4,MAE5,MAE6,MAE_avg,MSE1,MSE2,MSE3,MSE4,MSE5,MSE6,MSE_avg,MAPE1,MAPE2,MAPE3,MAPE4,MAPE5,MAPE6,MAPE_avg
0.12329432946114663,0.15410575993581405,0.19767407945233267,0.2297310027306749,0.26573268984455894,0.29418129038552504,0.21078652530167538,0.029438434503907596,0.04750799262242685,0.07673254484588837,0.09856550607440424,0.12553056441623728,0.1501657301195204,0.0879901287637308,0.55047669502712,0.6874878878233363,0.8834636101846443,1.0258939117711137,1.1874437988727484,1.3137404245278415,0.9414177213678007
