MAE1,MAE2,MAE3,MAE4,MAE5,MAE6,MAE_avg,MSE1,MSE2,MSE3,MSE4,MSE5,MSE6,MSE_avg,MAPE1,MAPE2,MAPE3,MAPE4,MAPE5,MAPE6,MAPE_avg
0.18154769213675873,0.21136763115550253,0.24586886252828272,0.2464759989142461,0.30408648514185216,0.3221202263384753,0.25191114936918624,0.06758801571681976,0.09295022169225697,0.1298717239648027,0.13618265096203905,0.18255475610093258,0.20002247928213945,0.13486164128649844,0.7518718591395357,0.8757783905506565,1.0177714487682668,1.021296134388644,1.2590322139426968,1.3336825141200845,1.0432387601516473
