MAE1,MAE2,MAE3,MAE4,MAE5,MAE6,MAE_avg,MSE1,MSE2,MSE3,MSE4,MSE5,MSE6,MSE_avg,MAPE1,MAPE2,MAPE3,MAPE4,MAPE5,MAPE6,MAPE_avg
0.14533173000620883,0.18897893547017078,0.23697537465545768,0.2724467759915891,0.3192599352272302,0.3662562661285981,0.25487483624654245,0.06177995563929866,0.09138200520352971,0.1324708490413844,0.16621503088789483,0.2129560159964728,0.256774097588326,0.15359632572615103,0.6836741447535176,0.8889259357069539,1.1155248926988786,1.2816262082654224,1.5034115368342345,1.7269968344298752,1.2000265921148137
