MAE1,MAE2,MAE3,MAE4,MAE5,MAE6,MAE_avg,MSE1,MSE2,MSE3,MSE4,MSE5,MSE6,MSE_avg,MAPE1,MAPE2,MAPE3,MAPE4,MAPE5,MAPE6,MAPE_avg
0.24247177835903969,0.31544791199777794,0.4178549621603146,0.48765572228053883,0.5678855693328236,0.662533578769513,0.44897492048333465,0.13337288395220737,0.22685751851377509,0.34066625088051183,0.43230445280786867,0.5488217820709563,0.6992720422956125,0.39688248842015533,1.174532985062775,1.5223515378194168,2.022163928682475,2.358103738571318,2.760996484531663,3.2303989636501385,2.1780912730529645
