MAE1,MAE2,MAE3,MAE4,MAE5,MAE6,MAE_avg,MSE1,MSE2,MSE3,MSE4,MSE5,MSE6,MSE_avg,MAPE1,MAPE2,MAPE3,MAPE4,MAPE5,MAPE6,MAPE_avg
0.1168025687535285,0.15322684338634404,0.19264282898131893,0.2156939308370543,0.24181292546883001,0.26238728972777664,0.19709439785914207,0.03685499908688411,0.06049835805915713,0.0914786351214908,0.11113135325606457,0.1330993221990021,0.1518033442498984,0.09747766866208285,0.5267040433300932,0.6928134767848925,0.872817316359506,0.9783618331200006,1.0961960839786522,1.1894586600072192,0.8927252355967271
