MAE1,MAE2,MAE3,MAE4,MAE5,MAE6,MAE_avg,MSE1,MSE2,MSE3,MSE4,MSE5,MSE6,MSE_avg,MAPE1,MAPE2,MAPE3,MAPE4,MAPE5,MAPE6,MAPE_avg
0.2093390717948069,0.26961701421652423,0.33344797001134513,0.3472670648114245,0.4144961579793097,0.457271550856828,0.33857313827837304,0.10750184076202877,0.17336549183754868,0.26658747746966904,0.30791723143682803,0.3879097422699619,0.44126510103388855,0.2807578141349875,0.9076990714281976,1.1700925626602685,1.4479247809689857,1.5102872382583403,1.7998898642274725,1.984500147756494,1.470065610883293
