MAE1,MAE2,MAE3,MAE4,MAE5,MAE6,MAE_avg,MSE1,MSE2,MSE3,MSE4,MSE5,MSE6,MSE_avg,MAPE1,MAPE2,MAPE3,MAPE4,MAPE5,MAPE6,MAPE_avg
0.20877626177256192,0.27143615160930934,0.374343545684439,0.44165821194236515,0.529645851120629,0.6094086201223304,0.4058781070419391,0.09614270783920864,0.17501125918465718,0.2832565714191722,0.36407728740048884,0.4752533147472597,0.5903291672830635,0.33067838464564164,1.0687879003650738,1.376414816628211,1.8928508803875057,2.2235688169284162,2.673038498898151,3.0815265747803697,2.052697914664621
