MAE1,MAE2,MAE3,MAE4,MAE5,MAE6,MAE_avg,MSE1,MSE2,MSE3,MSE4,MSE5,MSE6,MSE_avg,MAPE1,MAPE2,MAPE3,MAPE4,MAPE5,MAPE6,MAPE_avg
0.15197089647591333,0.1960459680213539,0.2503285593600673,0.24392619520731754,0.31475776780177267,0.3481759001260616,0.25086754783208104,0.05757570484995687,0.09003270863564422,0.14362806934612407,0.15018399744729108,0.20445599898049838,0.23548241989470423,0.14689314985903648,0.6517625285535644,0.8429795009762499,1.077262240408591,1.0539923274281862,1.354645415555617,1.497911962318178,1.0797589958733977
