MAE1,MAE2,MAE3,MAE4,MAE5,MAE6,MAE_avg,MSE1,MSE2,MSE3,MSE4,MSE5,MSE6,MSE_avg,MAPE1,MAPE2,MAPE3,MAPE4,MAPE5,MAPE6,MAPE_avg
0.34576908191582395,0.45044993110569975,0.5550489303807985,0.5776101874496529,0.6753722229233677,0.7438634967107333,0.5580189750810126,0.2387483984675065,0.3733186961461226,0.5592023749759182,0.63545028927145,0.7915127154748617,0.9232239646795534,0.5869094065025687,1.5660382296996949,2.042242400586619,2.5168771524781213,2.629157472662722,3.061110236851453,3.3707640428122723,2.5310315891818136
