MAE1,MAE2,MAE3,MAE4,MAE5,MAE6,MAE_avg,MSE1,MSE2,MSE3,MSE4,MSE5,MSE6,MSE_avg,MAPE1,MAPE2,MAPE3,MAPE4,MAPE5,MAPE6,MAPE_avg
0.15813938395669525,0.20256160644143878,0.24461743096531605,0.24156489798061312,0.2968544856787466,0.33242086256748055,0.24602644459838172,0.06879345273530314,0.10030483019783443,0.14088585447341356,0.14884913267233793,0.19448266181254692,0.21615842494156756,0.14491239280550058,0.6621050224898193,0.848766259386269,1.0246285911401838,1.0120328274562214,1.2430471345499663,1.3925243094835449,1.0305173574176676
