MAE1,MAE2,MAE3,MAE4,MAE5,MAE6,MAE_avg,MSE1,MSE2,MSE3,MSE4,MSE5,MSE6,MSE_avg,MAPE1,MAPE2,MAPE3,MAPE4,MAPE5,MAPE6,MAPE_avg
0.16281489393128323,0.1992505672209202,0.23957727436293125,0.2371582348811505,0.2904126425450234,0.3117790326932804,0.2401654409390981,0.05510851415759708,0.08367384169754837,0.12534332689391472,0.1337018823284328,0.17240542167697434,0.18655608815605818,0.12613151248508758,0.6857360926876509,0.8408680418458732,1.0108533809520557,1.001786233564173,1.224049752484551,1.3139824191956417,1.0128793201216577
