MAE1,MAE2,MAE3,MAE4,MAE5,MAE6,MAE_avg,MSE1,MSE2,MSE3,MSE4,MSE5,MSE6,MSE_avg,MAPE1,MAPE2,MAPE3,MAPE4,MAPE5,MAPE6,MAPE_avg
0.1195127362545461,0.14710589315408318,0.17528352099555536,0.2006246101827267,0.2264691322908659,0.2547433703984239,0.18728987721270018,0.03515214719684972,0.05120691272741327,0.07035901627993256,0.08912323518969394,0.10891285502432911,0.13332974276281395,0.08134731819683876,0.5234971436555049,0.6478656243436803,0.7728516255670232,0.8858181437491891,1.001375205348068,1.1290599815384692,0.8267446207003224
