MAE1,MAE2,MAE3,MAE4,MAE5,MAE6,MAE_avg,MSE1,MSE2,MSE3,MSE4,MSE5,MSE6,MSE_avg,MAPE1,MAPE2,MAPE3,MAPE4,MAPE5,MAPE6,MAPE_avg
0.15774884046173326,0.204056246546818,0.254538719527453,0.29161490106959564,0.3381240161648072,0.38584938980244166,0.2719886855954748,0.0626897528927446,0.0943022788414257,0.13834582605304477,0.1726354592600929,0.220295146996212,0.26676571934551163,0.15917236389817194,0.7448146332631612,0.9630589831863481,1.2020181784149697,1.375926072249849,1.5961525222481536,1.8234964012517303,1.2842444651023688
