MAE1,MAE2,MAE3,MAE4,MAE5,MAE6,MAE_avg,MSE1,MSE2,MSE3,MSE4,MSE5,MSE6,MSE_avg,MAPE1,MAPE2,MAPE3,MAPE4,MAPE5,MAPE6,MAPE_avg
0.06465157806232263,0.08721051291558861,0.11309830365514927,0.13612844183995643,0.16746193301804593,0.19852072636930868,0.12784524931006191,0.009289455194702494,0.016576639359347257,0.027498249998075083,0.03803327122181214,0.05389449269200638,0.07330901803340602,0.036433521083224896,0.2930637919253864,0.3956415726392565,0.5135655768024516,0.6192296149764374,0.7630108977183507,0.9062788770450217,0.5817983885178174
