MAE1,MAE2,MAE3,MAE4,MAE5,MAE6,MAE_avg,MSE1,MSE2,MSE3,MSE4,MSE5,MSE6,MSE_avg,MAPE1,MAPE2,MAPE3,MAPE4,MAPE5,MAPE6,MAPE_avg
0.1176064193416199,0.1547716748521284,0.19440788614653332,0.21884222721186847,0.2454222030749575,0.26847505177882286,0.1999209104009884,0.03843464049617765,0.061978664523331124,0.09312422248696976,0.11333211327784828,0.13571926914644808,0.15485082825152138,0.09957328969704937,0.5285509830879367,0.6980631053458172,0.8790405391308008,0.9907752649610007,1.1109547374983717,1.2158064908338622,0.9038651868096316
