MAE1,MAE2,MAE3,MAE4,MAE5,MAE6,MAE_avg,MSE1,MSE2,MSE3,MSE4,MSE5,MSE6,MSE_avg,MAPE1,MAPE2,MAPE3,MAPE4,MAPE5,MAPE6,MAPE_avg
0.23636090100135745,0.3045457911767591,0.39637020810542506,0.45492846441166673,0.5378242047104087,0.6199843090365719,0.4250023130736982,0.13472312839269374,0.23368030932856879,0.3464777407526576,0.43117567231386683,0.5416440784326404,0.6764644555819924,0.3940275641337366,1.1407727049549394,1.4673348102730632,1.9177931884471908,2.2003724606245822,2.6183047025262254,3.0292890158611234,2.062311147114521
