MAE1,MAE2,MAE3,MAE4,MAE5,MAE6,MAE_avg,MSE1,MSE2,MSE3,MSE4,MSE5,MSE6,MSE_avg,MAPE1,MAPE2,MAPE3,MAPE4,MAPE5,MAPE6,MAPE_avg
0.1617765956524041,0.20804011164980624,0.25417205980191115,0.2543948401753282,0.3118603423348707,0.33070109317285074,0.2534908404645285,0.059362206904137106,0.09142751875068758,0.13753121400174032,0.14663787127899264,0.19081672781554637,0.20678741681264892,0.1387604925939588,0.6808145157098483,0.8764692562273998,1.0705674404035181,1.0726018694690334,1.3119865505973947,1.3908905655000392,1.0672216996512056
