MAE1,MAE2,MAE3,MAE4,MAE5,MAE6,MAE_avg,MSE1,MSE2,MSE3,MSE4,MSE5,MSE6,MSE_avg,MAPE1,MAPE2,MAPE3,MAPE4,MAPE5,MAPE6,MAPE_avg
0.16151699088257868,0.20053394915343808,0.24416845198142864,0.24066311667297094,0.3040531187197001,0.32608300808103197,0.24616977258185804,0.06193455399726736,0.08905827249324892,0.13127606154122576,0.13868763738992074,0.18664292628132856,0.2102963801750806,0.13631597197967865,0.683879919601348,0.849904376843523,1.0349254793194014,1.0233712081238981,1.2883248818115445,1.3809905051443718,1.043566061807348
