MAE1,MAE2,MAE3,MAE4,MAE5,MAE6,MAE_avg,MSE1,MSE2,MSE3,MSE4,MSE5,MSE6,MSE_avg,MAPE1,MAPE2,MAPE3,MAPE4,MAPE5,MAPE6,MAPE_avg
0.10205588259520162,0.12868814896870448,0.1628997066300097,0.1880900882727331,0.2201740034228832,0.24766254221468317,0.17492839535070256,0.025830370418064668,0.03923267533241915,0.06067910417516244,0.07545397553304649,0.09657754905524232,0.11633220888262258,0.06901764723275962,0.46146628554392405,0.5815281494110649,0.7369772873622018,0.8501892842313976,0.9957599587462111,1.119446970946545,0.7908946560402241
