MAE1,MAE2,MAE3,MAE4,MAE5,MAE6,MAE_avg,MSE1,MSE2,MSE3,MSE4,MSE5,MSE6,MSE_avg,MAPE1,MAPE2,MAPE3,MAPE4,MAPE5,MAPE6,MAPE_avg
0.08238023104946054,0.10427836807500535,0.13333284736407786,0.1536419284382889,0.17999995972109484,0.20644446699815636,0.1433463002743473,0.020009098521555767,0.031473276264883686,0.04466332937919568,0.05325562860790215,0.06621685697276951,0.08054462975985645,0.049360469917693876,0.3663725796150189,0.46527540610133733,0.5959603330615535,0.6885109603635838,0.8081030871078463,0.9282839149178388,0.6420843801945297
