MAE1,MAE2,MAE3,MAE4,MAE5,MAE6,MAE_avg,MSE1,MSE2,MSE3,MSE4,MSE5,MSE6,MSE_avg,MAPE1,MAPE2,MAPE3,MAPE4,MAPE5,MAPE6,MAPE_avg
0.18327206855601527,0.23142459239092608,0.287412754109632,0.2835950949594126,0.3542010435495504,0.38382394855976815,0.2872882503542174,0.08108563275374626,0.12081786933037758,0.18087797268795833,0.19456480784829655,0.2523098119458598,0.2817967120078905,0.1852421344290215,0.7873669240757745,0.9946889148810799,1.2352476190764206,1.222836980872189,1.5219427202454345,1.648459192151873,1.2350903918837954
