MAE1,MAE2,MAE3,MAE4,MAE5,MAE6,MAE_avg,MSE1,MSE2,MSE3,MSE4,MSE5,MSE6,MSE_avg,MAPE1,MAPE2,MAPE3,MAPE4,MAPE5,MAPE6,MAPE_avg
0.23922393403180975,0.29785043278780954,0.4029443042699671,0.45808270814449314,0.542793976202485,0.6030913872074722,0.4239977904406728,0.10224443247240278,0.15983489962848763,0.25793947623242036,0.32075822583251606,0.4247561464446768,0.509726723972954,0.2958766507639096,1.2476471372039424,1.5452110318418688,2.0880767273637613,2.3704497047608704,2.813810941059646,3.133398078108823,2.1997656033898187
