MAE1,MAE2,MAE3,MAE4,MAE5,MAE6,MAE_avg,MSE1,MSE2,MSE3,MSE4,MSE5,MSE6,MSE_avg,MAPE1,MAPE2,MAPE3,MAPE4,MAPE5,MAPE6,MAPE_avg
0.22569621186514185,0.2851585912371285,0.35122434071443437,0.3644745886308447,0.4353870488878502,0.476693639711364,0.35643907017446064,0.12670468339520732,0.19595255600095635,0.2947712111721806,0.33805518363103765,0.42195013131950043,0.47467506349316585,0.3086848048353414,0.9791104568867292,1.2376384973138386,1.5245578494860208,1.5840928260300529,1.8890921666234561,2.067184268746896,1.5469460108478323
