MAE1,MAE2,MAE3,MAE4,MAE5,MAE6,MAE_avg,MSE1,MSE2,MSE3,MSE4,MSE5,MSE6,MSE_avg,MAPE1,MAPE2,MAPE3,MAPE4,MAPE5,MAPE6,MAPE_avg
0.21270133691474932,0.2853736782650945,0.38401932022426827,0.44621072618838087,0.5176928715127943,0.6006390644456936,0.40777283292516353,0.12023285437773373,0.20879285180141866,0.3140160686498227,0.39424354911965714,0.4942334635275054,0.6182648401449546,0.358297271270182,1.0146953909623981,1.3584637388283811,1.8369474992235086,2.1325338331598394,2.488221684888869,2.894260049975665,1.954187032839777
