MAE1,MAE2,MAE3,MAE4,MAE5,MAE6,MAE_avg,MSE1,MSE2,MSE3,MSE4,MSE5,MSE6,MSE_avg,MAPE1,MAPE2,MAPE3,MAPE4,MAPE5,MAPE6,MAPE_avg
0.20701123501806876,0.2746111045021189,0.3823714072446681,0.4409519914383236,0.523385430211892,0.5897530835926967,0.40301404200129465,0.09912746666587524,0.18268480703775228,0.2990657967987209,0.38156692582842267,0.4916537692757463,0.5900177608397109,0.34068608774103804,1.0413913078476744,1.369932247949434,1.9072428711328964,2.19218222956798,2.6087653103168256,2.9461432766863327,2.010942873916857
