MAE1,MAE2,MAE3,MAE4,MAE5,MAE6,MAE_avg,MSE1,MSE2,MSE3,MSE4,MSE5,MSE6,MSE_avg,MAPE1,MAPE2,MAPE3,MAPE4,MAPE5,MAPE6,MAPE_avg
0.12920701452215969,0.1553059368086627,0.1907797583763094,0.181244724882784,0.24396981591577332,0.2709688182883524,0.19524601146567355,0.04414987142411264,0.06332915501547091,0.09664427323246731,0.09595993088934396,0.137825924914553,0.15988928444979295,0.09963307332095679,0.5473246272617981,0.6595532396187409,0.8106678303632009,0.7735729305469394,1.0361281168153202,1.1499869908981355,0.8295389559173558
