MAE1,MAE2,MAE3,MAE4,MAE5,MAE6,MAE_avg,MSE1,MSE2,MSE3,MSE4,MSE5,MSE6,MSE_avg,MAPE1,MAPE2,MAPE3,MAPE4,MAPE5,MAPE6,MAPE_avg
0.11648986850180358,0.1411334332489991,0.17715082572475432,0.20083169794157635,0.23279025340357584,0.25895581130200995,0.18789198168711985,0.02639835998579736,0.03924365160015609,0.06012748701003732,0.07460782739530104,0.09563621889102841,0.11513779154647104,0.06852522273813187,0.5243437903310171,0.634892170492368,0.7987675223001617,0.9051140172046677,1.0503272648573803,1.167919420892882,0.8468940310130795
