MAE1,MAE2,MAE3,MAE4,MAE5,MAE6,MAE_avg,MSE1,MSE2,MSE3,MSE4,MSE5,MSE6,MSE_avg,MAPE1,MAPE2,MAPE3,MAPE4,MAPE5,MAPE6,MAPE_avg
0.20315219684162103,0.2719137704359377,0.37556502792479857,0.43244477027971107,0.5173800277803038,0.5874360680372097,0.3979819768832636,0.0935730798927397,0.1698009318271499,0.27733241423300176,0.3425065155745538,0.4446838548303074,0.5452252898736583,0.3121870143719018,1.0274409424540851,1.3645453926438664,1.8868973295719251,2.1682055029880445,2.60176912182749,2.9626821208500838,2.0019234017225824
