MAE1,MAE2,MAE3,MAE4,MAE5,MAE6,MAE_avg,MSE1,MSE2,MSE3,MSE4,MSE5,MSE6,MSE_avg,MAPE1,MAPE2,MAPE3,MAPE4,MAPE5,MAPE6,MAPE_avg
0.0797991113613107,0.10689999336786492,0.13787405756425203,0.16361728723112098,0.19674022431986138,0.22864556561198587,0.15226270657606597,0.012206420468090472,0.021550188938944666,0.035129164037100376,0.047768895246014124,0.0660564316356567,0.08806580140739592,0.04512948362220037,0.36417204239275336,0.4888908213750283,0.6312897668840932,0.7501392520416181,0.9020319621010001,1.04893682748797,0.6975767787137439
