MAE1,MAE2,MAE3,MAE4,MAE5,MAE6,MAE_avg,MSE1,MSE2,MSE3,MSE4,MSE5,MSE6,MSE_avg,MAPE1,MAPE2,MAPE3,MAPE4,MAPE5,MAPE6,MAPE_avg
0.32510032218403473,0.4267091624337714,0.5250142993169367,0.5509826641137792,0.6420647375680265,0.7127898393812185,0.5304435041662945,0.21013893268154235,0.33583283592206814,0.5049658513106783,0.5820803346285164,0.7262053183530659,0.8569791259310625,0.5360337331378223,1.4717847163240623,1.9340996118228406,2.3810487963916533,2.5074651213191044,2.911724727512156,3.2315634824996256,2.40628107597824
