MAE1,MAE2,MAE3,MAE4,MAE5,MAE6,MAE_avg,MSE1,MSE2,MSE3,MSE4,MSE5,MSE6,MSE_avg,MAPE1,MAPE2,MAPE3,MAPE4,MAPE5,MAPE6,MAPE_avg
0.14796623625313682,0.1935019745964852,0.23404288754549446,0.2308481227528327,0.2845235201805051,0.3176444345513195,0.23475452931329563,0.056729580080390134,0.08697827090624867,0.12634805374551542,0.13359627193489024,0.17726512533804534,0.1979076497002422,0.12980415861755532,0.619165032881897,0.8108199696247833,0.9806670911028806,0.9677280234479345,1.192085132659713,1.331262417695122,0.983621277902055
