MAE1,MAE2,MAE3,MAE4,MAE5,MAE6,MAE_avg,MSE1,MSE2,MSE3,MSE4,MSE5,MSE6,MSE_avg,MAPE1,MAPE2,MAPE3,MAPE4,MAPE5,MAPE6,MAPE_avg
0.2065239227772852,0.2739610420456525,0.3764368629868261,0.43904189388259296,0.5297717373405407,0.6119460074727587,0.40628024441760946,0.08849724622445286,0.15988123977992733,0.2611631694187569,0.32678180816419927,0.4321438963397627,0.5489466331367487,0.30290233217730794,1.0643954174364827,1.3982907732769005,1.917559409470173,2.230637419151544,2.6983461041176957,3.124737800280761,2.072327820622259
