MAE1,MAE2,MAE3,MAE4,MAE5,MAE6,MAE_avg,MSE1,MSE2,MSE3,MSE4,MSE5,MSE6,MSE_avg,MAPE1,MAPE2,MAPE3,MAPE4,MAPE5,MAPE6,MAPE_avg
0.19024833883957526,0.2344816722980805,0.2804494135724319,0.2825983961057357,0.3436486545481051,0.35689899097297606,0.2813875777228175,0.06630187235084366,0.09440968498061166,0.13574522683491447,0.14236833138668234,0.19482870241001612,0.21426954304211437,0.14132056016753045,0.7906572661205332,0.9741300548604991,1.16421026691468,1.1743597569604491,1.4255687526842677,1.4795062792587141,1.1680720627998573
