MAE1,MAE2,MAE3,MAE4,MAE5,MAE6,MAE_avg,MSE1,MSE2,MSE3,MSE4,MSE5,MSE6,MSE_avg,MAPE1,MAPE2,MAPE3,MAPE4,MAPE5,MAPE6,MAPE_avg
0.23022404144267203,0.28084162980627453,0.33313937870160293,0.35956694151140145,0.40206217016053397,0.4500529653756511,0.3426478544996893,0.14844240901577646,0.22230901424211671,0.29220594048576615,0.321119428618127,0.36086595766332025,0.42153938866424584,0.29441368978155874,1.0724919920213354,1.3097988696214746,1.5556965101267746,1.685553853504886,1.9008570286969788,2.1361869092580608,1.6100975272049185
