MAE1,MAE2,MAE3,MAE4,MAE5,MAE6,MAE_avg,MSE1,MSE2,MSE3,MSE4,MSE5,MSE6,MSE_avg,MAPE1,MAPE2,MAPE3,MAPE4,MAPE5,MAPE6,MAPE_avg
0.11829268379095481,0.14878874665195982,0.19918565297014967,0.2108183073125963,0.27910271765167655,0.30312953604369114,0.20988627407017138,0.03757146261830858,0.055572140029644286,0.08814971401322569,0.08934629582235022,0.13439739252551106,0.1571831325426985,0.09370335625862307,0.498266184022292,0.6293554408838655,0.844882650331971,0.8987558864321297,1.1860458811833026,1.2872901706176647,0.8907660355785375
