MAE1,MAE2,MAE3,MAE4,MAE5,MAE6,MAE_avg,MSE1,MSE2,MSE3,MSE4,MSE5,MSE6,MSE_avg,MAPE1,MAPE2,MAPE3,MAPE4,MAPE5,MAPE6,MAPE_avg
0.10969026849844646,0.1437096606492273,0.18586608809310318,0.21883038337326155,0.2540728372456787,0.283075720120412,0.19920749299668816,0.028259607890300416,0.04668129745038046,0.07599969264712271,0.09775953982704612,0.12412802833359904,0.14840170693195381,0.08687164551340043,0.49076884918233626,0.6424126985052118,0.831442719599124,0.9779791049691307,1.1359033606703832,1.264630468144143,0.8905228668450548
