MAE1,MAE2,MAE3,MAE4,MAE5,MAE6,MAE_avg,MSE1,MSE2,MSE3,MSE4,MSE5,MSE6,MSE_avg,MAPE1,MAPE2,MAPE3,MAPE4,MAPE5,MAPE6,MAPE_avg
0.14675330604499828,0.1827266304613516,0.224866995062786,0.22635624783658842,0.28948048423444234,0.3146202479186074,0.2308006519264623,0.05013222861368716,0.07576518583176384,0.11581947335293784,0.12518543174977892,0.16914268681325584,0.1871072194451475,0.12052537096776185,0.6177496606809398,0.770776143922777,0.9484803578557564,0.9570110683827753,1.2207104291850435,1.326285433125049,0.9735021821920569
