MAE1,MAE2,MAE3,MAE4,MAE5,MAE6,MAE_avg,MSE1,MSE2,MSE3,MSE4,MSE5,MSE6,MSE_avg,MAPE1,MAPE2,MAPE3,MAPE4,MAPE5,MAPE6,MAPE_avg
0.23250086408754903,0.2780841028824243,0.34264794290408745,0.38013327788285356,0.43492041471891085,0.48412319618022187,0.35873496644267444,0.14463199349102876,0.21997304588226604,0.2974080193092103,0.34066235069423684,0.39872355769915807,0.46515183025961504,0.3110917995559192,1.1133762847585642,1.3386554833232964,1.665305562237724,1.8527274655237296,2.136372765585946,2.3875491266533153,1.7489977813470958
