MAE1,MAE2,MAE3,MAE4,MAE5,MAE6,MAE_avg,MSE1,MSE2,MSE3,MSE4,MSE5,MSE6,MSE_avg,MAPE1,MAPE2,MAPE3,MAPE4,MAPE5,MAPE6,MAPE_avg
0.10222815106156471,0.12387923006371084,0.15352914916926136,0.1735133420118815,0.20124084208004994,0.22700889385824333,0.1635666013741186,0.024858890203679856,0.037684925580056344,0.05318260591261446,0.06371242244899528,0.0787944818286529,0.09460382356979209,0.05880619159063182,0.45641000430728157,0.5550060572797494,0.6896137379126138,0.781229567958177,0.9069974157227159,1.0242693765759445,0.7355876932927471
