MAE1,MAE2,MAE3,MAE4,MAE5,MAE6,MAE_avg,MSE1,MSE2,MSE3,MSE4,MSE5,MSE6,MSE_avg,MAPE1,MAPE2,MAPE3,MAPE4,MAPE5,MAPE6,MAPE_avg
0.25575193616376074,0.3222608343133054,0.4043631793372693,0.44562359939768637,0.5093632703982096,0.5752070081736801,0.4187616379639853,0.15590314104694755,0.24757462863400148,0.33379190895904837,0.38160644198861987,0.4497740251555745,0.5381358665849425,0.35113100206152237,1.2267895261637483,1.5507522178120121,1.9585106785310331,2.1644311855238763,2.485483897826667,2.8112227314390483,2.0328650395493972
