MAE1,MAE2,MAE3,MAE4,MAE5,MAE6,MAE_avg,MSE1,MSE2,MSE3,MSE4,MSE5,MSE6,MSE_avg,MAPE1,MAPE2,MAPE3,MAPE4,MAPE5,MAPE6,MAPE_avg
0.14989906873228892,0.193866276245239,0.2368847123210443,0.26900436178235687,0.3053735679650583,0.3412070462320525,0.24937250554633997,0.054001894566565796,0.0860468699159318,0.12267520402490906,0.15115634137662864,0.1835360662836023,0.21800572167535134,0.1359036829738315,0.6470464300207084,0.840676628457326,1.0307060319271664,1.1728108101576307,1.3363274784612644,1.497154133768839,1.0874535854654892
