MAE1,MAE2,MAE3,MAE4,MAE5,MAE6,MAE_avg,MSE1,MSE2,MSE3,MSE4,MSE5,MSE6,MSE_avg,MAPE1,MAPE2,MAPE3,MAPE4,MAPE5,MAPE6,MAPE_avg
0.18176122259540875,0.2257368065484069,0.27829916147093364,0.289217066736178,0.35976556787448855,0.3822332283468624,0.28616884226204636,0.05960649361794945,0.08760068249454529,0.13030870363549862,0.13824945557123441,0.19512127298203974,0.2237000254618618,0.1390977722938549,0.7687413749652259,0.9559845192591448,1.1800136461923196,1.2309304495334428,1.5267364803794956,1.6208158102701122,1.2138703800999568
