MAE1,MAE2,MAE3,MAE4,MAE5,MAE6,MAE_avg,MSE1,MSE2,MSE3,MSE4,MSE5,MSE6,MSE_avg,MAPE1,MAPE2,MAPE3,MAPE4,MAPE5,MAPE6,MAPE_avg
0.1328206579979193,0.1638113758164141,0.200604211749993,0.19900539609544246,0.25346222963734155,0.28160436537120936,0.20521803944471997,0.040901695417795,0.062178904924853194,0.09703741755845054,0.10181018202358293,0.13959752911878087,0.15654030374569186,0.09967767213152573,0.5601754000379047,0.6928484357351319,0.8484317742777017,0.8441026003651532,1.0717266601014677,1.1901224002755595,0.8679012117988197
