MAE1,MAE2,MAE3,MAE4,MAE5,MAE6,MAE_avg,MSE1,MSE2,MSE3,MSE4,MSE5,MSE6,MSE_avg,MAPE1,MAPE2,MAPE3,MAPE4,MAPE5,MAPE6,MAPE_avg
0.24816913197705806,0.31367221753720564,0.38017186772451084,0.4147653060137159,0.4723297921717567,0.5361931902575012,0.39421691761362476,0.16592943216608594,0.2514159938114401,0.3387505294551904,0.38187217078746477,0.4457751245485997,0.5320416111245229,0.35263081031555066,1.163436724035093,1.479206657263374,1.7962370398814427,1.9686834359762044,2.261292380017393,2.5808182921525225,1.8749457548876716
