MAE1,MAE2,MAE3,MAE4,MAE5,MAE6,MAE_avg,MSE1,MSE2,MSE3,MSE4,MSE5,MSE6,MSE_avg,MAPE1,MAPE2,MAPE3,MAPE4,MAPE5,MAPE6,MAPE_avg
0.12268542591665527,0.16057199489364413,0.19940043861621187,0.22694910735575782,0.2579336674420433,0.29208249845672146,0.2099371887801723,0.034688860208784526,0.06030722329667662,0.08982727406814701,0.11360089408906683,0.13974028802505065,0.16716933009302398,0.1008889782967916,0.5323224413722942,0.6978133745684504,0.868306894853481,0.9893670068160573,1.128116033882133,1.2802777592963215,0.9160339184647895
