MAE1,MAE2,MAE3,MAE4,MAE5,MAE6,MAE_avg,MSE1,MSE2,MSE3,MSE4,MSE5,MSE6,MSE_avg,MAPE1,MAPE2,MAPE3,MAPE4,MAPE5,MAPE6,MAPE_avg
0.23825959790415252,0.29287945354899975,0.36462328978591957,0.4048494510990818,0.4646800053855674,0.5224206785566207,0.3812854127133903,0.1413873174579061,0.22353644212694207,0.3100577938572653,0.35974719329980004,0.42739786858247614,0.5088938698412248,0.3285034141942691,1.1535683918365909,1.4212589727654374,1.7819459437294949,1.9838698579271274,2.2942387702056837,2.591370559149923,1.8710420826023764
