MAE1,MAE2,MAE3,MAE4,MAE5,MAE6,MAE_avg,MSE1,MSE2,MSE3,MSE4,MSE5,MSE6,MSE_avg,MAPE1,MAPE2,MAPE3,MAPE4,MAPE5,MAPE6,MAPE_avg
0.3062316857064645,0.39604694899286946,0.49439906147641205,0.5543295400224231,0.6264896726338705,0.6814319782699005,0.5098214811836567,0.259882097142563,0.4382501252993457,0.6095521442123242,0.7450442794823723,0.8951364175678798,1.035601818859823,0.6639111470940513,1.356294653941101,1.7723291121911016,2.245319801048871,2.5262821722876376,2.886563493897278,3.1560975897845656,2.3238144705250923
