MAE1,MAE2,MAE3,MAE4,MAE5,MAE6,MAE_avg,MSE1,MSE2,MSE3,MSE4,MSE5,MSE6,MSE_avg,MAPE1,MAPE2,MAPE3,MAPE4,MAPE5,MAPE6,MAPE_avg
0.21126467038402894,0.26513695630299566,0.33016440600287883,0.3708070726018417,0.39747474060698357,0.41444457720406264,0.33154873718379857,0.09590165151169736,0.15215017881262738,0.2307160819113028,0.2871146504146889,0.335606817909192,0.3674131661316963,0.24481709111520078,0.9601479640081061,1.202725510625602,1.4977713395307664,1.6809395612442004,1.8005298130686767,1.872519234277663,1.5024389037925026
