MAE1,MAE2,MAE3,MAE4,MAE5,MAE6,MAE_avg,MSE1,MSE2,MSE3,MSE4,MSE5,MSE6,MSE_avg,MAPE1,MAPE2,MAPE3,MAPE4,MAPE5,MAPE6,MAPE_avg
0.20685412070864245,0.26203961496113914,0.3263095552730175,0.3667169986259846,0.395427840923978,0.41657197172932825,0.32898668370368167,0.09843429867098735,0.15509961914010648,0.2340847776470999,0.2907441077898486,0.33982223318523186,0.3726654294061873,0.24847507763991025,0.9404330624308813,1.1889868069073333,1.4802480590613838,1.662302592378003,1.7912287990547358,1.882677316464652,1.4909794393828317
