MAE1,MAE2,MAE3,MAE4,MAE5,MAE6,MAE_avg,MSE1,MSE2,MSE3,MSE4,MSE5,MSE6,MSE_avg,MAPE1,MAPE2,MAPE3,MAPE4,MAPE5,MAPE6,MAPE_avg
0.1871439297730671,0.2410035587209481,0.29794259008742857,0.332673404857814,0.3729119599300078,0.41741770609565826,0.30818219157748733,0.10362218391976112,0.15872751592036932,0.23378545923160626,0.28290888715616314,0.33450439052609793,0.3975300256228387,0.25184641039613936,0.9011015455101636,1.15780186934161,1.4312160456029508,1.5974134856550926,1.7886738288195696,2.0026126429104654,1.479803236306642
