MAE1,MAE2,MAE3,MAE4,MAE5,MAE6,MAE_avg,MSE1,MSE2,MSE3,MSE4,MSE5,MSE6,MSE_avg,MAPE1,MAPE2,MAPE3,MAPE4,MAPE5,MAPE6,MAPE_avg
0.19154072989913676,0.2461601704342035,0.3030737355830568,0.3372064756064813,0.37884709197852323,0.42501778560309605,0.3136409981840829,0.1040402943326037,0.15842515105510346,0.23228145456791477,0.28010611784832296,0.33189557557641214,0.3952173329354255,0.25032765438596377,0.9228324914861116,1.1832195133188463,1.4565008576420837,1.619762121020989,1.8178873871386922,2.0398395460913243,1.506673652783008
