MAE1,MAE2,MAE3,MAE4,MAE5,MAE6,MAE_avg,MSE1,MSE2,MSE3,MSE4,MSE5,MSE6,MSE_avg,MAPE1,MAPE2,MAPE3,MAPE4,MAPE5,MAPE6,MAPE_avg
0.17384939366444085,0.22913581383146936,0.274172656684692,0.30520228947339434,0.3044416925500555,0.34220746446198647,0.2715015517776731,0.06347103996554879,0.11017327819131822,0.15641693892805755,0.18663307855454186,0.1929509875732041,0.22746766626404735,0.15618549824611963,0.8374779656674705,1.1017697366313992,1.3194767106157208,1.4704082921666224,1.4791270676135215,1.6646722053283551,1.3121553296705148
