MAE1,MAE2,MAE3,MAE4,MAE5,MAE6,MAE_avg,MSE1,MSE2,MSE3,MSE4,MSE5,MSE6,MSE_avg,MAPE1,MAPE2,MAPE3,MAPE4,MAPE5,MAPE6,MAPE_avg
0.19145410545606278,0.24602775019299117,0.29477176593218246,0.32258074259965663,0.3191184857922983,0.33919356109304244,0.28552440184437233,0.0923592526455779,0.14785238968682968,0.20531987877089208,0.2366460379504282,0.23165933961950827,0.2578563983318711,0.19528221616751784,0.9173886657700091,1.1777914129446974,1.4128286365007832,1.5478490066583641,1.5432135774889195,1.6472297624123964,1.3743835102958615
