MAE1,MAE2,MAE3,MAE4,MAE5,MAE6,MAE,MSE1,MSE2,MSE3,MSE4,MSE5,MSE6,MSE,MAPE1,MAPE2,MAPE3,MAPE4,MAPE5,MAPE6,MAPE
0.17335189513192178,0.2141423002109967,0.2606889843512929,0.29459249328926684,0.3069869354066408,0.32668940765524945,0.26274200267422804,0.05610868048456522,0.08258406619993154,0.12054376119369088,0.15276978111400524,0.17202157161103665,0.19772515228153897,0.1302921688141281,0.8011647370566575,0.9915391915061659,1.2080789402327012,1.3647482115051748,1.4228826065337068,1.5122235877160286,1.2167728790917391
