MAE1,MAE2,MAE3,MAE4,MAE5,MAE6,MAE,MSE1,MSE2,MSE3,MSE4,MSE5,MSE6,MSE,MAPE1,MAPE2,MAPE3,MAPE4,MAPE5,MAPE6,MAPE
0.1586393872642955,0.201112203831589,0.24760079593559525,0.28131867684014183,0.29579398390065686,0.3158890203982447,0.25005901136175385,0.05312341089748533,0.0792651475822869,0.11661551696814652,0.1478825340039767,0.16728661265881772,0.19232827821455903,0.12608358338754544,0.7318597827934611,0.9296934061392179,1.145579371975405,1.3012563086582893,1.368873636712728,1.4600897075267354,1.1562253689676394
