MAE1,MAE2,MAE3,MAE4,MAE5,MAE6,MAE,MSE1,MSE2,MSE3,MSE4,MSE5,MSE6,MSE,MAPE1,MAPE2,MAPE3,MAPE4,MAPE5,MAPE6,MAPE
0.13365224069816423,0.1590449198974712,0.1912744010320308,0.2178696893641531,0.23341835119235693,0.25361198699976334,0.19814526486399017,0.0308551104724832,0.041041904315932666,0.058959818105226124,0.07675868893314781,0.09387309139057594,0.11761442433773842,0.06985050625918404,0.5887237489308934,0.7051556514196285,0.8505778420696102,0.9677430997813127,1.0341343477108105,1.1206167170721848,0.8778252344974066
