MAE1,MAE2,MAE3,MAE4,MAE5,MAE6,MAE,MSE1,MSE2,MSE3,MSE4,MSE5,MSE6,MSE,MAPE1,MAPE2,MAPE3,MAPE4,MAPE5,MAPE6,MAPE
0.1206918481198381,0.1463875846123611,0.1800142052124816,0.206779239082022,0.22309414070961922,0.24297919377620325,0.18665770191875444,0.02724008021037662,0.037433885315182415,0.05505000814047004,0.07256621856772742,0.08892824242792426,0.11111748584497667,0.06538932008444288,0.5315742211733394,0.6486767271687328,0.7998189418853058,0.9176651332638709,0.9877949214700261,1.0730522816375265,0.8264303710998001
