MAE1,MAE2,MAE3,MAE4,MAE5,MAE6,MAE_avg,MSE1,MSE2,MSE3,MSE4,MSE5,MSE6,MSE_avg,MAPE1,MAPE2,MAPE3,MAPE4,MAPE5,MAPE6,MAPE_avg
0.14916200236644148,0.19672192666972343,0.23856650942663002,0.2644035184231351,0.2732984919022101,0.3060760104353744,0.23803807653725242,0.05542677215161599,0.09244708342768775,0.12900137515157653,0.15132898561105265,0.15496824201917264,0.17923213277609554,0.12706743185620017,0.674225304145623,0.8872533217198485,1.0769651121926347,1.1956856843232242,1.2423619724847228,1.3907442599427884,1.077872609134807
