MAE1,MAE2,MAE3,MAE4,MAE5,MAE6,MAE_avg,MSE1,MSE2,MSE3,MSE4,MSE5,MSE6,MSE_avg,MAPE1,MAPE2,MAPE3,MAPE4,MAPE5,MAPE6,MAPE_avg
0.13874580330056488,0.18548879061110354,0.22684101954243013,0.2525376510401525,0.26698363961051863,0.30095842704449055,0.2285925551915434,0.04316149412670715,0.0752424584158898,0.10729989605535581,0.12735678283208787,0.13641839022327704,0.15974651650358945,0.10820425635948454,0.6284171296655203,0.8383413489556895,1.025520786619124,1.1443273198744688,1.214477057909018,1.368180169571154,1.036543968765829
