MAE1,MAE2,MAE3,MAE4,MAE5,MAE6,MAE_avg,MSE1,MSE2,MSE3,MSE4,MSE5,MSE6,MSE_avg,MAPE1,MAPE2,MAPE3,MAPE4,MAPE5,MAPE6,MAPE_avg
0.56436396,0.5599412,0.5535846,0.5589037,0.5610729,0.553783,0.55860823,0.50472546,0.4999972,0.49317712,0.49715224,0.49797004,0.49093062,0.49732542,2.3471063002943993,2.3285359144210815,2.3018166422843933,2.32507660984993,2.334839291870594,2.303980104625225,2.3235591438909373
