MAE1,MAE2,MAE3,MAE4,MAE5,MAE6,MAE_avg,MSE1,MSE2,MSE3,MSE4,MSE5,MSE6,MSE_avg,MAPE1,MAPE2,MAPE3,MAPE4,MAPE5,MAPE6,MAPE_avg
0.26393828,0.2546536,0.24749169,0.24117401,0.25300232,0.2726839,0.25549063,0.12588006,0.11587545,0.11091581,0.10859448,0.12624823,0.14888136,0.12273257,1.0946585796773434,1.0558472014963627,1.025943923741579,0.9999500587582588,1.0486525483429432,1.12967099994421,1.0591205519934495
