MAE1,MAE2,MAE3,MAE4,MAE5,MAE6,MAE_avg,MSE1,MSE2,MSE3,MSE4,MSE5,MSE6,MSE_avg,MAPE1,MAPE2,MAPE3,MAPE4,MAPE5,MAPE6,MAPE_avg
0.22713786,0.22106576,0.21450266,0.23353691,0.31066898,0.357895,0.2608012,0.12709467,0.11933076,0.09840065,0.09862993,0.15167017,0.24515893,0.1400475,1.135864295065403,1.104240771383047,1.0712294839322567,1.1570794507861137,1.488039456307888,1.7123637720942497,1.2781362049281597
