MAE1,MAE2,MAE3,MAE4,MAE5,MAE6,MAE_avg,MSE1,MSE2,MSE3,MSE4,MSE5,MSE6,MSE_avg,MAPE1,MAPE2,MAPE3,MAPE4,MAPE5,MAPE6,MAPE_avg
0.14368117,0.14472003,0.15358245,0.17125618,0.1868565,0.196011,0.16601789,0.043665875,0.043085158,0.046448,0.053016435,0.05969681,0.07701954,0.05382197,0.7338228169828653,0.7400261703878641,0.7848233915865421,0.8703417144715786,0.942259281873703,0.9869836270809174,0.8430428337305784
