MAE1,MAE2,MAE3,MAE4,MAE5,MAE6,MAE_avg,MSE1,MSE2,MSE3,MSE4,MSE5,MSE6,MSE_avg,MAPE1,MAPE2,MAPE3,MAPE4,MAPE5,MAPE6,MAPE_avg
0.47127,0.47318983,0.4719774,0.47230285,0.47234342,0.48286492,0.4739914,0.31670064,0.31367525,0.32208908,0.3235399,0.33256564,0.34889227,0.3262438,1.951090432703495,1.9591748714447021,1.9531529396772385,1.954939030110836,1.9533731043338776,1.9972831010818481,1.9615022465586662
