MAE1,MAE2,MAE3,MAE4,MAE5,MAE6,MAE_avg,MSE1,MSE2,MSE3,MSE4,MSE5,MSE6,MSE_avg,MAPE1,MAPE2,MAPE3,MAPE4,MAPE5,MAPE6,MAPE_avg
0.4056116,0.38149577,0.35752502,0.3578081,0.33674738,0.346375,0.36426046,0.24788871,0.21478249,0.18783942,0.17999294,0.16578351,0.19440468,0.19844864,2.1475540474057198,2.01120562851429,1.8773231655359268,1.8751775845885277,1.7667988315224648,1.8145915120840073,1.9154417949418228
