MAE1,MAE2,MAE3,MAE4,MAE5,MAE6,MAE_avg,MSE1,MSE2,MSE3,MSE4,MSE5,MSE6,MSE_avg,MAPE1,MAPE2,MAPE3,MAPE4,MAPE5,MAPE6,MAPE_avg
0.18928578,0.20565319,0.23451619,0.29306635,0.30170795,0.3464212,0.2617751,0.06288619,0.076875016,0.09989031,0.14672878,0.15984903,0.20357943,0.124968134,0.8990433067083359,0.968511775135994,1.0976615361869335,1.3668759725987911,1.4092315919697285,1.6159821301698685,1.226217718794942
