MAE1,MAE2,MAE3,MAE4,MAE5,MAE6,MAE_avg,MSE1,MSE2,MSE3,MSE4,MSE5,MSE6,MSE_avg,MAPE1,MAPE2,MAPE3,MAPE4,MAPE5,MAPE6,MAPE_avg
0.22316474,0.2341739,0.23657578,0.24416208,0.2360595,0.25779125,0.23865455,0.07293394,0.07924148,0.08291008,0.09623001,0.0907117,0.12390824,0.09098924,1.103634387254715,1.162839774042368,1.1731245554983616,1.2158663012087345,1.1806306429207325,1.2918312102556229,1.1879878118634224
