MAE1,MAE2,MAE3,MAE4,MAE5,MAE6,MAE_avg,MSE1,MSE2,MSE3,MSE4,MSE5,MSE6,MSE_avg,MAPE1,MAPE2,MAPE3,MAPE4,MAPE5,MAPE6,MAPE_avg
0.65441287,0.68747157,0.61482483,0.60215384,0.6473217,0.6362467,0.64040524,0.5864552,0.59513235,0.48127848,0.45786688,0.5081107,0.50606203,0.5224843,3.439778834581375,3.5969875752925873,3.2160378992557526,3.1477004289627075,3.3833079040050507,3.3261921256780624,3.3516674612959227
