MAE1,MAE2,MAE3,MAE4,MAE5,MAE6,MAE_avg,MSE1,MSE2,MSE3,MSE4,MSE5,MSE6,MSE_avg,MAPE1,MAPE2,MAPE3,MAPE4,MAPE5,MAPE6,MAPE_avg
0.15802345,0.15394515,0.1600511,0.17098202,0.17419635,0.18715528,0.16739224,0.046181712,0.044893913,0.04992764,0.058563918,0.0596827,0.071497634,0.055124592,0.787605531513691,0.771331787109375,0.8028651587665081,0.8596071042120457,0.8802480064332485,0.939475279301405,0.8401888112227122
