MAE1,MAE2,MAE3,MAE4,MAE5,MAE6,MAE_avg,MSE1,MSE2,MSE3,MSE4,MSE5,MSE6,MSE_avg,MAPE1,MAPE2,MAPE3,MAPE4,MAPE5,MAPE6,MAPE_avg
0.19386029,0.19825928,0.20783688,0.22272046,0.22874959,0.23869175,0.2150197,0.080644,0.08672567,0.092189014,0.09677173,0.10376875,0.108816765,0.094819315,0.8506631478667259,0.8690041489899158,0.9094318374991417,0.9760531596839428,0.9980347938835621,1.040601171553135,0.9406313765794039
