MAE1,MAE2,MAE3,MAE4,MAE5,MAE6,MAE_avg,MSE1,MSE2,MSE3,MSE4,MSE5,MSE6,MSE_avg,MAPE1,MAPE2,MAPE3,MAPE4,MAPE5,MAPE6,MAPE_avg
0.26548478,0.27146402,0.27579078,0.2674701,0.26472625,0.28916478,0.27235013,0.13913523,0.14794308,0.15323721,0.1430442,0.1562248,0.18845652,0.1546735,1.1841866187751293,1.2134385295212269,1.2303059920668602,1.1950444430112839,1.1887086555361748,1.2985549867153168,1.2183732042709987
