MAE1,MAE2,MAE3,MAE4,MAE5,MAE6,MAE_avg,MSE1,MSE2,MSE3,MSE4,MSE5,MSE6,MSE_avg,MAPE1,MAPE2,MAPE3,MAPE4,MAPE5,MAPE6,MAPE_avg
0.27702183,0.31985873,0.32090145,0.4030885,0.32497877,0.3360135,0.33031046,0.11679757,0.1468884,0.14520912,0.22401138,0.15448183,0.18171886,0.16151786,1.4294342137873173,1.643107458949089,1.6423700377345085,2.057591825723648,1.669524423778057,1.7255384474992752,1.6945944012453158
