MAE1,MAE2,MAE3,MAE4,MAE5,MAE6,MAE_avg,MSE1,MSE2,MSE3,MSE4,MSE5,MSE6,MSE_avg,MAPE1,MAPE2,MAPE3,MAPE4,MAPE5,MAPE6,MAPE_avg
0.18981987,0.17843853,0.18537174,0.19149579,0.196626,0.20500176,0.19112562,0.071118265,0.06424916,0.07010402,0.073697165,0.0786925,0.08571319,0.07392905,0.8052529767155647,0.7571786176413298,0.7861788384616375,0.8116014301776886,0.8339631371200085,0.8690744638442993,0.8105415773267547
