MAE1,MAE2,MAE3,MAE4,MAE5,MAE6,MAE_avg,MSE1,MSE2,MSE3,MSE4,MSE5,MSE6,MSE_avg,MAPE1,MAPE2,MAPE3,MAPE4,MAPE5,MAPE6,MAPE_avg
0.21646097,0.21306914,0.209128,0.21471941,0.2060458,0.24716662,0.21776499,0.08451302,0.08053121,0.07672607,0.08010147,0.07022922,0.11708513,0.084864356,1.1390483938157558,1.1201325803995132,1.1034086346626282,1.127729658037424,1.080617867410183,1.2829004786908627,1.1423062688360612
