MAE1,MAE2,MAE3,MAE4,MAE5,MAE6,MAE_avg,MSE1,MSE2,MSE3,MSE4,MSE5,MSE6,MSE_avg,MAPE1,MAPE2,MAPE3,MAPE4,MAPE5,MAPE6,MAPE_avg
0.5807007,0.59113663,0.62273234,0.6300323,0.62340796,0.6316104,0.61327004,0.5336604,0.5482305,0.54335403,0.55255216,0.5365944,0.5732135,0.5479342,2.4847228080034256,2.527141198515892,2.6501553133130074,2.679804340004921,2.6529451832175255,2.6880551129579544,2.6138039926687875
