MAE1,MAE2,MAE3,MAE4,MAE5,MAE6,MAE_avg,MSE1,MSE2,MSE3,MSE4,MSE5,MSE6,MSE_avg,MAPE1,MAPE2,MAPE3,MAPE4,MAPE5,MAPE6,MAPE_avg
0.3899627,0.40246776,0.3941188,0.39593142,0.39180896,0.40801495,0.39705077,0.2534481,0.2641302,0.26321885,0.2658795,0.26527748,0.2819378,0.26564866,1.6171034425497055,1.6694825142621994,1.6346408054232597,1.6423020511865616,1.6257941722869873,1.6934661194682121,1.6471315175294876
