MAE1,MAE2,MAE3,MAE4,MAE5,MAE6,MAE_avg,MSE1,MSE2,MSE3,MSE4,MSE5,MSE6,MSE_avg,MAPE1,MAPE2,MAPE3,MAPE4,MAPE5,MAPE6,MAPE_avg
0.5629594,0.5611144,0.554426,0.54222953,0.55841404,0.56448233,0.55727094,0.5241247,0.5277292,0.5308116,0.5287354,0.5514344,0.56791174,0.5384578,2.5910651311278343,2.5820033624768257,2.55251694470644,2.4985715746879578,2.572345919907093,2.598183788359165,2.565781120210886
