MAE1,MAE2,MAE3,MAE4,MAE5,MAE6,MAE_avg,MSE1,MSE2,MSE3,MSE4,MSE5,MSE6,MSE_avg,MAPE1,MAPE2,MAPE3,MAPE4,MAPE5,MAPE6,MAPE_avg
0.3260658,0.3404961,0.35123762,0.36064607,0.37721285,0.3821812,0.35630664,0.18263404,0.19601087,0.21038297,0.22749197,0.24763548,0.25367028,0.21963759,1.4807444997131824,1.5498515218496323,1.60111952573061,1.6443649306893349,1.719207689166069,1.7401322722434998,1.6225700732320547
