MAE1,MAE2,MAE3,MAE4,MAE5,MAE6,MAE_avg,MSE1,MSE2,MSE3,MSE4,MSE5,MSE6,MSE_avg,MAPE1,MAPE2,MAPE3,MAPE4,MAPE5,MAPE6,MAPE_avg
0.11902385205030441,0.155891552567482,0.19299302995204926,0.21679235994815826,0.25182417035102844,0.2818912863731384,0.2030693752070268,0.029065394774079323,0.05067640170454979,0.0773719847202301,0.09832179546356201,0.122709259390831,0.14757980406284332,0.08762077335268259,0.5398196168243885,0.7080681156367064,0.8763070218265057,0.9826730005443096,1.1473999358713627,1.2880943715572357,0.9237270103767514
