MAE1,MAE2,MAE3,MAE4,MAE5,MAE6,MAE_avg,MSE1,MSE2,MSE3,MSE4,MSE5,MSE6,MSE_avg,MAPE1,MAPE2,MAPE3,MAPE4,MAPE5,MAPE6,MAPE_avg
0.21989048,0.22222048,0.23158805,0.2421578,0.25693706,0.28096905,0.24229382,0.09375353,0.09625497,0.107071556,0.12315842,0.13883257,0.15725711,0.11938802,0.9889954701066017,0.9999851696193218,1.0426189750432968,1.090993732213974,1.159237790852785,1.265155617147684,1.091164459163944
