MAE1,MAE2,MAE3,MAE4,MAE5,MAE6,MAE_avg,MSE1,MSE2,MSE3,MSE4,MSE5,MSE6,MSE_avg,MAPE1,MAPE2,MAPE3,MAPE4,MAPE5,MAPE6,MAPE_avg
0.19280179,0.19520941,0.20632786,0.211364,0.21684355,0.21942478,0.2069952,0.060589854,0.064509675,0.07207523,0.079575986,0.0878688,0.091046646,0.075944364,0.7970716804265976,0.8075818419456482,0.8540735580027103,0.8757736533880234,0.899235438555479,0.910296943038702,0.8573388525595268
