MAE1,MAE2,MAE3,MAE4,MAE5,MAE6,MAE_avg,MSE1,MSE2,MSE3,MSE4,MSE5,MSE6,MSE_avg,MAPE1,MAPE2,MAPE3,MAPE4,MAPE5,MAPE6,MAPE_avg
0.41866230964660645,0.3670191168785095,0.3279961347579956,0.29044967889785767,0.286451518535614,0.3112788796424866,0.33364293972651166,0.27328580617904663,0.2235051989555359,0.19918414950370789,0.14644405245780945,0.11990739405155182,0.14993873238563538,0.18537755558888117,2.093658223748207,1.8405130133032799,1.6677891835570335,1.4811115339398384,1.4481059275567532,1.5584997832775116,1.6816129442304373
