MAE1,MAE2,MAE3,MAE4,MAE5,MAE6,MAE_avg,MSE1,MSE2,MSE3,MSE4,MSE5,MSE6,MSE_avg,MAPE1,MAPE2,MAPE3,MAPE4,MAPE5,MAPE6,MAPE_avg
0.20365632,0.18393978,0.17061862,0.17140645,0.19150281,0.21423098,0.18922584,0.08919673,0.07667084,0.06920544,0.06829736,0.08261485,0.1035708,0.081592664,0.8469699881970882,0.7665224373340607,0.7121277041733265,0.7155063096433878,0.7997129112482071,0.8947012946009636,0.7892567741995057
