MAE1,MAE2,MAE3,MAE4,MAE5,MAE6,MAE_avg,MSE1,MSE2,MSE3,MSE4,MSE5,MSE6,MSE_avg,MAPE1,MAPE2,MAPE3,MAPE4,MAPE5,MAPE6,MAPE_avg
0.72784275,0.7148245,0.69642526,0.6871034,0.6849886,0.69591236,0.7011828,0.8574356,0.84168154,0.8156208,0.79391986,0.7882482,0.80957365,0.81774664,3.310917317867279,3.2511647790670395,3.1683437526226044,3.127625212073326,3.117426112294197,3.1642504036426544,3.1899545962611833
