MAE1,MAE2,MAE3,MAE4,MAE5,MAE6,MAE_avg,MSE1,MSE2,MSE3,MSE4,MSE5,MSE6,MSE_avg,MAPE1,MAPE2,MAPE3,MAPE4,MAPE5,MAPE6,MAPE_avg
0.7425149,0.7250968,0.7087028,0.7273674,0.7206343,0.7259399,0.72504264,0.9622019,0.9454765,0.9273976,0.94663185,0.93719816,0.9535725,0.9454131,3.3520448952913284,3.2738637179136276,3.1981870532035828,3.2845892012119293,3.2530605792999268,3.2717525959014893,3.2722496738036475
