MAE1,MAE2,MAE3,MAE4,MAE5,MAE6,MAE_avg,MSE1,MSE2,MSE3,MSE4,MSE5,MSE6,MSE_avg,MAPE1,MAPE2,MAPE3,MAPE4,MAPE5,MAPE6,MAPE_avg
0.37328956,0.37055328,0.38033542,0.40113378,0.4101437,0.4382983,0.39562568,0.29299614,0.27881628,0.2865901,0.31714794,0.31986743,0.36350334,0.3098202,1.669314131140709,1.6618764027953148,1.7094036564230919,1.804051548242569,1.847810111939907,1.9719265401363373,1.7773970651129882
