MAE1,MAE2,MAE3,MAE4,MAE5,MAE6,MAE_avg,MSE1,MSE2,MSE3,MSE4,MSE5,MSE6,MSE_avg,MAPE1,MAPE2,MAPE3,MAPE4,MAPE5,MAPE6,MAPE_avg
0.2377835147932245,0.29570712141282957,0.3690124529539184,0.42187923711354186,0.463789007954191,0.49924450541004495,0.3812359732729584,0.1500781148710564,0.21822927156565478,0.33008608324377825,0.4163872054213927,0.4973938227619057,0.5543522491158531,0.3610877911632735,1.1037641122798658,1.370200864282456,1.7095991010056335,1.9545373896237506,2.149490845602848,2.3125975367474996,1.766698308257009
