MAE1,MAE2,MAE3,MAE4,MAE5,MAE6,MAE_avg,MSE1,MSE2,MSE3,MSE4,MSE5,MSE6,MSE_avg,MAPE1,MAPE2,MAPE3,MAPE4,MAPE5,MAPE6,MAPE_avg
0.23589445350427782,0.2964857963519208,0.3712054563287742,0.42457327409271484,0.468522613251853,0.5059402172973496,0.38377030180448174,0.15392568529459602,0.22265279103760768,0.3348599122268861,0.4218647287476363,0.5038502712642727,0.5621560673336834,0.36655157598411375,1.096091437531032,1.374825700884552,1.720715625154992,1.968075375025869,2.172653447786611,2.3449217029993408,1.7795472148970657
