MAE1,MAE2,MAE3,MAE4,MAE5,MAE6,MAE_avg,MSE1,MSE2,MSE3,MSE4,MSE5,MSE6,MSE_avg,MAPE1,MAPE2,MAPE3,MAPE4,MAPE5,MAPE6,MAPE_avg
0.9334753178969977,0.9301107961922801,0.9333148634788264,0.9236252820085966,0.9299956368312797,0.911018268933235,0.9269233608902027,1.2157887610023976,1.1989532777953484,1.197261479253659,1.1727578571490445,1.177695262383421,1.1457126974612835,1.1846948891741924,4.259838315698163,4.248062263885002,4.264177700864014,4.218930817616627,4.24692626239997,4.155089601000048,4.232170826910637
