MAE1,MAE2,MAE3,MAE4,MAE5,MAE6,MAE_avg,MSE1,MSE2,MSE3,MSE4,MSE5,MSE6,MSE_avg,MAPE1,MAPE2,MAPE3,MAPE4,MAPE5,MAPE6,MAPE_avg
0.9756391657487856,0.9736288203613961,0.9763382845719765,0.9675212961999021,0.9714879804206217,0.9534393931362953,0.9696758234064963,1.2891522647584401,1.2739719198265573,1.272233396373521,1.2484108597747678,1.2514668642312257,1.2198602388216326,1.2591825906310241,4.451526951628338,4.446469281730601,4.460442488586292,4.419667808857572,4.436040724754182,4.349069649063457,4.42720281743674
