MAE1,MAE2,MAE3,MAE4,MAE5,MAE6,MAE_avg,MSE1,MSE2,MSE3,MSE4,MSE5,MSE6,MSE_avg,MAPE1,MAPE2,MAPE3,MAPE4,MAPE5,MAPE6,MAPE_avg
0.9200701714382814,0.9178181392351819,0.9252572373720258,0.9211068910788544,0.9297187769233817,0.9186246828914651,0.9220993164898651,1.120741310702642,1.1357329359451112,1.1543913502087713,1.146229123886131,1.1594892634465062,1.1283298041698633,1.1408189647265041,4.416408053334223,4.407689864801476,4.443542542527442,4.422879338146822,4.461877033504044,4.405852707579674,4.426374923315613
