MAE1,MAE2,MAE3,MAE4,MAE5,MAE6,MAE_avg,MSE1,MSE2,MSE3,MSE4,MSE5,MSE6,MSE_avg,MAPE1,MAPE2,MAPE3,MAPE4,MAPE5,MAPE6,MAPE_avg
0.1970355340517589,0.2636623417827007,0.32762976424959833,0.3633694406868024,0.39010548119701965,0.4097682158671482,0.325261796305838,0.09271504326748371,0.15457683895805302,0.2342180805029148,0.2834454549411635,0.3311954492815633,0.37000929712571634,0.24436002734614906,0.94077553971437,1.253359220739544,1.5581188176429495,1.7290358564735357,1.857119789462712,1.9524669184502692,1.5484793570805635
