MAE1,MAE2,MAE3,MAE4,MAE5,MAE6,MAE_avg,MSE1,MSE2,MSE3,MSE4,MSE5,MSE6,MSE_avg,MAPE1,MAPE2,MAPE3,MAPE4,MAPE5,MAPE6,MAPE_avg
0.8749730643335621,0.8683810768115969,0.8751528118187337,0.870474653379219,0.8821656104337999,0.869805038180509,0.8734920424929035,1.0406676850203573,1.047575626641212,1.063213819883996,1.0529095282394108,1.070518711283805,1.0365207828317216,1.0519010256500838,4.200818900086318,4.1710442891764865,4.203685930279963,4.179921167235154,4.2342852304297525,4.171539547223252,4.193549177405154
