MAE1,MAE2,MAE3,MAE4,MAE5,MAE6,MAE_avg,MSE1,MSE2,MSE3,MSE4,MSE5,MSE6,MSE_avg,MAPE1,MAPE2,MAPE3,MAPE4,MAPE5,MAPE6,MAPE_avg
0.19270785279119307,0.25863197720382114,0.3259159355942054,0.3658131681509731,0.3925646822170604,0.411175818198621,0.324468239025979,0.08639493254901709,0.1453684859261662,0.2247418442194023,0.2749786138933031,0.32180934388780735,0.3611242023760734,0.23573623714196157,0.9216832192832921,1.2311937070140422,1.5519169464960914,1.7428791873276415,1.87120425073659,1.961026472068555,1.546650630487702
