MAE1,MAE2,MAE3,MAE4,MAE5,MAE6,MAE_avg,MSE1,MSE2,MSE3,MSE4,MSE5,MSE6,MSE_avg,MAPE1,MAPE2,MAPE3,MAPE4,MAPE5,MAPE6,MAPE_avg
0.9996304306304805,0.9877525448984494,0.9793455237634303,0.9622213291064114,0.9641861799177789,0.9492212797653365,0.9737262146803145,1.2505059776307343,1.2423523774284444,1.242236612393738,1.2179687918339954,1.2229476924775755,1.1858302393573836,1.2269736151869786,4.556772541112881,4.505584205662711,4.4680894142835275,4.389687306960155,4.396805642817098,4.32608672962494,4.440504306743552
