MAE1,MAE2,MAE3,MAE4,MAE5,MAE6,MAE_avg,MSE1,MSE2,MSE3,MSE4,MSE5,MSE6,MSE_avg,MAPE1,MAPE2,MAPE3,MAPE4,MAPE5,MAPE6,MAPE_avg
0.16189631270013624,0.22156610296728438,0.26999106579254506,0.2847141108270151,0.2816099098069192,0.29778163080371217,0.25292652214960204,0.05039267042033447,0.09328541592880964,0.13495560153609293,0.1468383187024663,0.15487580952889993,0.17446752266688115,0.12580255646391406,0.7288373238739403,0.9941435371585554,1.2123313156736732,1.2821530417498381,1.2709912525414422,1.3445014533054973,1.1388263207171578
