MAE1,MAE2,MAE3,MAE4,MAE5,MAE6,MAE_avg,MSE1,MSE2,MSE3,MSE4,MSE5,MSE6,MSE_avg,MAPE1,MAPE2,MAPE3,MAPE4,MAPE5,MAPE6,MAPE_avg
0.9589251657173099,0.9430019074157954,0.9340267789141601,0.9140737877797102,0.9179625711144791,0.903116826047555,0.9285178394981685,1.1800956560876157,1.1628749804292402,1.1594278005607839,1.130695451872504,1.139440163324761,1.1010729728270328,1.145601170850323,4.371666346847225,4.302066521861663,4.262291509423102,4.170752123737509,4.187243323250159,4.116580328932632,4.235100025675382
