MAE1,MAE2,MAE3,MAE4,MAE5,MAE6,MAE_avg,MSE1,MSE2,MSE3,MSE4,MSE5,MSE6,MSE_avg,MAPE1,MAPE2,MAPE3,MAPE4,MAPE5,MAPE6,MAPE_avg
0.16603316164074833,0.2249649519172516,0.27432761137966016,0.2898492296169174,0.2873095626699923,0.3026932706547074,0.2575296313132129,0.049229710878242995,0.08997782008934825,0.1310022415314135,0.14452406124319583,0.15310790750849254,0.1746906455040039,0.1237553977924495,0.7493377079076058,1.0116292257566974,1.2345688674716508,1.307853573218859,1.2982772185972389,1.3677556007600717,1.1615703656186873
