MAE1,MAE2,MAE3,MAE4,MAE5,MAE6,MAE_avg,MSE1,MSE2,MSE3,MSE4,MSE5,MSE6,MSE_avg,MAPE1,MAPE2,MAPE3,MAPE4,MAPE5,MAPE6,MAPE_avg
0.24211367964744568,0.2813326120376587,0.3004932403564453,0.3375290334224701,0.3734031915664673,0.40491583943367004,0.3232979327440262,0.09467366337776184,0.13175493478775024,0.15992102026939392,0.18784558773040771,0.22072096168994904,0.25563329458236694,0.1750915770729383,0.9851254522800446,1.1425543576478958,1.2196113355457783,1.3703927397727966,1.5136189758777618,1.6417097300291061,1.3121687651922305
