MAE1,MAE2,MAE3,MAE4,MAE5,MAE6,MAE_avg,MSE1,MSE2,MSE3,MSE4,MSE5,MSE6,MSE_avg,MAPE1,MAPE2,MAPE3,MAPE4,MAPE5,MAPE6,MAPE_avg
0.40069687366485596,0.3705328106880188,0.3448937237262726,0.30926817655563354,0.31940606236457825,0.3469870984554291,0.34863079090913135,0.21246066689491272,0.1874932497739792,0.16884736716747284,0.14715583622455597,0.1644154042005539,0.1843588650226593,0.17745523154735565,1.6122404485940933,1.4912992715835571,1.3915831223130226,1.2576610781252384,1.3041086494922638,1.4145257882773876,1.4119030597309272
