MAE1,MAE2,MAE3,MAE4,MAE5,MAE6,MAE_avg,MSE1,MSE2,MSE3,MSE4,MSE5,MSE6,MSE_avg,MAPE1,MAPE2,MAPE3,MAPE4,MAPE5,MAPE6,MAPE_avg
0.1578425019979477,0.15536318719387054,0.1443084329366684,0.1440993696451187,0.16137367486953735,0.1915799230337143,0.15909451494614282,0.03816867247223854,0.041406791657209396,0.041776545345783234,0.04215579107403755,0.049399711191654205,0.06370675563812256,0.04610237789650758,0.7027814164757729,0.6922202650457621,0.6436416879296303,0.6420794408768415,0.7176591083407402,0.8499623276293278,0.7080573743830124
