MAE1,MAE2,MAE3,MAE4,MAE5,MAE6,MAE_avg,MSE1,MSE2,MSE3,MSE4,MSE5,MSE6,MSE_avg,MAPE1,MAPE2,MAPE3,MAPE4,MAPE5,MAPE6,MAPE_avg
5.690695762634277,5.696352481842041,5.698186874389648,5.694739818572998,5.696584224700928,5.699193954467773,5.695958852767944,33.55375289916992,33.6178092956543,33.63829803466797,33.59856033325195,33.61907196044922,33.64827346801758,33.61262766520182,23.010821640491486,23.032349348068237,23.038330674171448,23.02282750606537,23.028934001922607,23.03818017244339,23.02857389052709
