MAE1,MAE2,MAE3,MAE4,MAE5,MAE6,MAE_avg,MSE1,MSE2,MSE3,MSE4,MSE5,MSE6,MSE_avg,MAPE1,MAPE2,MAPE3,MAPE4,MAPE5,MAPE6,MAPE_avg
0.1748000979423523,0.18638618290424347,0.19481675326824188,0.19238990545272827,0.23314405977725983,0.24471624195575714,0.20437554021676382,0.07212425768375397,0.07293762266635895,0.08080475777387619,0.07598668336868286,0.11773886531591415,0.11038360744714737,0.08832929904262225,0.7019947282969952,0.7425286807119846,0.7722331210970879,0.7578252349048853,0.9249723516404629,0.9664568118751049,0.8110018214210868
