MAE1,MAE2,MAE3,MAE4,MAE5,MAE6,MAE_avg,MSE1,MSE2,MSE3,MSE4,MSE5,MSE6,MSE_avg,MAPE1,MAPE2,MAPE3,MAPE4,MAPE5,MAPE6,MAPE_avg
0.0901552215218544,0.11195138096809387,0.136423259973526,0.15587985515594482,0.18557965755462646,0.19448119401931763,0.14574509486556053,0.02731027640402317,0.0468391478061676,0.0677240639925003,0.07498659193515778,0.09003275632858276,0.09480493515729904,0.0669496286039551,0.362830120138824,0.4481527488678694,0.543935364112258,0.6211073137819767,0.7354611065238714,0.7717791479080915,0.5805443002221485
