MAE1,MAE2,MAE3,MAE4,MAE5,MAE6,MAE_avg,MSE1,MSE2,MSE3,MSE4,MSE5,MSE6,MSE_avg,MAPE1,MAPE2,MAPE3,MAPE4,MAPE5,MAPE6,MAPE_avg
0.7364748120307922,0.7396500706672668,0.7487267255783081,0.7484613060951233,0.7679193615913391,0.7973360419273376,0.7564280529816946,0.7359790802001953,0.7383593320846558,0.7590486407279968,0.7310032844543457,0.8132200837135315,0.8701428174972534,0.7746255397796631,3.1152620911598206,3.123692236840725,3.157944604754448,3.1533703207969666,3.2341737300157547,3.3618349581956863,3.1910463236272335
