MAE1,MAE2,MAE3,MAE4,MAE5,MAE6,MAE_avg,MSE1,MSE2,MSE3,MSE4,MSE5,MSE6,MSE_avg,MAPE1,MAPE2,MAPE3,MAPE4,MAPE5,MAPE6,MAPE_avg
0.19428971409797668,0.21513529121875763,0.23904676735401154,0.2538045048713684,0.2664191722869873,0.2839348614215851,0.24210505187511444,0.0906214788556099,0.1192118301987648,0.14359219372272491,0.15941224992275238,0.16125288605690002,0.17164300382137299,0.14095560709635416,0.8546003140509129,0.9470464661717415,1.0525058023631573,1.1176109313964844,1.171981357038021,1.2494792230427265,1.0655373490105073
