MAE1,MAE2,MAE3,MAE4,MAE5,MAE6,MAE_avg,MSE1,MSE2,MSE3,MSE4,MSE5,MSE6,MSE_avg,MAPE1,MAPE2,MAPE3,MAPE4,MAPE5,MAPE6,MAPE_avg
5.437361717224121,5.433762550354004,5.424986839294434,5.442800521850586,5.4336323738098145,5.44395112991333,5.436082522074382,30.694833755493164,30.655725479125977,30.560462951660156,30.754100799560547,30.654447555541992,30.76677131652832,30.68105697631836,21.79790884256363,21.783562004566193,21.74832671880722,21.820612251758575,21.783854067325592,21.825900673866272,21.79336075981458
