MAE1,MAE2,MAE3,MAE4,MAE5,MAE6,MAE_avg,MSE1,MSE2,MSE3,MSE4,MSE5,MSE6,MSE_avg,MAPE1,MAPE2,MAPE3,MAPE4,MAPE5,MAPE6,MAPE_avg
5.29558801651001,5.296470642089844,5.298030376434326,5.300650119781494,5.300323486328125,5.303527355194092,5.2990983327229815,29.16436195373535,29.17337417602539,29.189516067504883,29.216861724853516,29.212955474853516,29.24647331237793,29.20059045155843,21.447543799877167,21.45003229379654,21.455319225788116,21.46497666835785,21.462634205818176,21.47473692893982,21.45920718709628
