MAE1,MAE2,MAE3,MAE4,MAE5,MAE6,MAE_avg,MSE1,MSE2,MSE3,MSE4,MSE5,MSE6,MSE_avg,MAPE1,MAPE2,MAPE3,MAPE4,MAPE5,MAPE6,MAPE_avg
0.3433831036090851,0.37299978733062744,0.38921019434928894,0.4055415093898773,0.42435717582702637,0.4486260414123535,0.3973529686530431,0.19574454426765442,0.22657927870750427,0.24588745832443237,0.26276805996894836,0.28307437896728516,0.30547428131103516,0.2532546669244766,1.4672277495265007,1.5976736322045326,1.6687814146280289,1.7406104132533073,1.8221193924546242,1.929016038775444,1.7042381068070729
