MAE1,MAE2,MAE3,MAE4,MAE5,MAE6,MAE_avg,MSE1,MSE2,MSE3,MSE4,MSE5,MSE6,MSE_avg,MAPE1,MAPE2,MAPE3,MAPE4,MAPE5,MAPE6,MAPE_avg
0.8111532926559448,0.8097128868103027,0.8082306385040283,0.8068758249282837,0.8056409955024719,0.8043231964111328,0.8076561391353607,0.8785176873207092,0.876579999923706,0.8744571805000305,0.872480034828186,0.8706544041633606,0.8685929179191589,0.8735470374425253,3.506564348936081,3.5004928708076477,3.49426306784153,3.4885846078395844,3.4834254533052444,3.477935865521431,3.491877702375253
