MAE1,MAE2,MAE3,MAE4,MAE5,MAE6,MAE_avg,MSE1,MSE2,MSE3,MSE4,MSE5,MSE6,MSE_avg,MAPE1,MAPE2,MAPE3,MAPE4,MAPE5,MAPE6,MAPE_avg
0.6487693786621094,0.626526415348053,0.6436586976051331,0.6527735590934753,0.6673056483268738,0.6683111190795898,0.6512241363525391,0.6710929274559021,0.6297509074211121,0.6591778993606567,0.6653299331665039,0.7044709324836731,0.7049466371536255,0.6724615395069122,2.76607982814312,2.6700222864747047,2.7431318536400795,2.7847211807966232,2.8461312875151634,2.8516359627246857,2.7769537332157292
