MAE1,MAE2,MAE3,MAE4,MAE5,MAE6,MAE_avg,MSE1,MSE2,MSE3,MSE4,MSE5,MSE6,MSE_avg,MAPE1,MAPE2,MAPE3,MAPE4,MAPE5,MAPE6,MAPE_avg
1.8823987245559692,1.8840166330337524,1.885575771331787,1.8871122598648071,1.8885961771011353,1.8900550603866577,1.8862924377123516,4.941981792449951,4.946816444396973,4.95141077041626,4.955901622772217,4.960180282592773,4.964359283447266,4.953441699345906,7.6171740889549255,7.623612880706787,7.629822939634323,7.635952532291412,7.6418764889240265,7.647705078125,7.632690668106079
