MAE1,MAE2,MAE3,MAE4,MAE5,MAE6,MAE_avg,MSE1,MSE2,MSE3,MSE4,MSE5,MSE6,MSE_avg,MAPE1,MAPE2,MAPE3,MAPE4,MAPE5,MAPE6,MAPE_avg
5.295143127441406,5.296986103057861,5.300889015197754,5.302308559417725,5.305507183074951,5.307684421539307,5.301419734954834,29.20589828491211,29.225095748901367,29.266292572021484,29.28095245361328,29.314590454101562,29.33723258972168,29.271677017211914,21.409974992275238,21.41597867012024,21.430400013923645,21.43474668264389,21.44637554883957,21.453870832920074,21.431891123453777
