MAE1,MAE2,MAE3,MAE4,MAE5,MAE6,MAE_avg,MSE1,MSE2,MSE3,MSE4,MSE5,MSE6,MSE_avg,MAPE1,MAPE2,MAPE3,MAPE4,MAPE5,MAPE6,MAPE_avg
0.12220258265733719,0.14973992109298706,0.1743810921907425,0.1798865795135498,0.17672476172447205,0.16811171174049377,0.16184110815326372,0.026879889890551567,0.04234255850315094,0.05962827801704407,0.06827699393033981,0.07025542110204697,0.06272539496421814,0.05501808940122525,0.5009863059967756,0.6159856449812651,0.7147303782403469,0.7372780703008175,0.7253601215779781,0.6895610131323338,0.6639835890382528
