MAE1,MAE2,MAE3,MAE4,MAE5,MAE6,MAE_avg,MSE1,MSE2,MSE3,MSE4,MSE5,MSE6,MSE_avg,MAPE1,MAPE2,MAPE3,MAPE4,MAPE5,MAPE6,MAPE_avg
0.06633157283067703,0.07194068282842636,0.0771421268582344,0.08306360989809036,0.09289009869098663,0.09860032796859741,0.0816614031791687,0.00897262617945671,0.011764365248382092,0.014406220056116581,0.014963374473154545,0.017510483041405678,0.019710196182131767,0.014554544196774563,0.28809746727347374,0.3127211006358266,0.335053401067853,0.3602159908041358,0.4035023972392082,0.4284709692001343,0.3546768877034386
