MAE1,MAE2,MAE3,MAE4,MAE5,MAE6,MAE_avg,MSE1,MSE2,MSE3,MSE4,MSE5,MSE6,MSE_avg,MAPE1,MAPE2,MAPE3,MAPE4,MAPE5,MAPE6,MAPE_avg
0.6801551580429077,0.6917319297790527,0.6148614883422852,0.6481366157531738,0.6939958930015564,0.7085059881210327,0.6728978455066681,0.718622624874115,0.7367463707923889,0.6322479248046875,0.7086970806121826,0.7437320947647095,0.8042528033256531,0.7240498165289561,2.7651701122522354,2.8229979798197746,2.5398459285497665,2.6798496022820473,2.8658417984843254,2.9283305630087852,2.767005997399489
