MAE1,MAE2,MAE3,MAE4,MAE5,MAE6,MAE_avg,MSE1,MSE2,MSE3,MSE4,MSE5,MSE6,MSE_avg,MAPE1,MAPE2,MAPE3,MAPE4,MAPE5,MAPE6,MAPE_avg
0.43875765800476074,0.49723103642463684,0.5272610783576965,0.5639660954475403,0.6170248985290527,0.6377742290496826,0.5470024993022283,0.3982146680355072,0.49071547389030457,0.5696372389793396,0.616186797618866,0.7019789218902588,0.7280645370483398,0.5841329395771027,1.7598319798707962,1.992158219218254,2.1121157333254814,2.2557199001312256,2.4682609364390373,2.549675852060318,2.1896271035075188
