MAE1,MAE2,MAE3,MAE4,MAE5,MAE6,MAE_avg,MSE1,MSE2,MSE3,MSE4,MSE5,MSE6,MSE_avg,MAPE1,MAPE2,MAPE3,MAPE4,MAPE5,MAPE6,MAPE_avg
0.48598647117614746,0.550456166267395,0.583741307258606,0.6125590205192566,0.5780353546142578,0.6602016091346741,0.5784966548283895,0.3671705424785614,0.4588373899459839,0.5327358245849609,0.6352387070655823,0.5945711135864258,0.7418205142021179,0.5550623486439387,1.9458690658211708,2.207249030470848,2.345963381230831,2.454063482582569,2.320358157157898,2.6517443358898163,2.3208745755255222
