MAE1,MAE2,MAE3,MAE4,MAE5,MAE6,MAE_avg,MSE1,MSE2,MSE3,MSE4,MSE5,MSE6,MSE_avg,MAPE1,MAPE2,MAPE3,MAPE4,MAPE5,MAPE6,MAPE_avg
0.1804657280445099,0.20855984091758728,0.23475515842437744,0.2566886842250824,0.2980536222457886,0.32643720507621765,0.2508267064889272,0.05317285284399986,0.0769011452794075,0.0995950847864151,0.11157386004924774,0.14308854937553406,0.17001166939735413,0.10905719362199306,0.7399375550448895,0.8541119284927845,0.9620088152587414,1.0465809144079685,1.2098011560738087,1.3216355815529823,1.0223459918051958
