MAE1,MAE2,MAE3,MAE4,MAE5,MAE6,MAE_avg,MSE1,MSE2,MSE3,MSE4,MSE5,MSE6,MSE_avg,MAPE1,MAPE2,MAPE3,MAPE4,MAPE5,MAPE6,MAPE_avg
0.10022570937871933,0.12238718569278717,0.13750095665454865,0.14421625435352325,0.16345751285552979,0.17032791674137115,0.13968592261274657,0.018406996503472328,0.03007255122065544,0.0390896238386631,0.04581798240542412,0.05664917826652527,0.05963670462369919,0.04161217280973991,0.40392610244452953,0.49070902168750763,0.5511429160833359,0.5740981549024582,0.6484630983322859,0.6768607534468174,0.557533341149489
