MAE1,MAE2,MAE3,MAE4,MAE5,MAE6,MAE_avg,MSE1,MSE2,MSE3,MSE4,MSE5,MSE6,MSE_avg,MAPE1,MAPE2,MAPE3,MAPE4,MAPE5,MAPE6,MAPE_avg
0.21535080671310425,0.2544851303100586,0.2700716555118561,0.27263644337654114,0.29394569993019104,0.31655368208885193,0.27050723632176715,0.07281151413917542,0.09004209190607071,0.10137100517749786,0.10702873766422272,0.12304402887821198,0.14003971219062805,0.10572284832596779,0.904626864939928,1.057922188192606,1.1180454865098,1.1291829869151115,1.2181767262518406,1.309676468372345,1.1229384535302718
