MAE1,MAE2,MAE3,MAE4,MAE5,MAE6,MAE_avg,MSE1,MSE2,MSE3,MSE4,MSE5,MSE6,MSE_avg,MAPE1,MAPE2,MAPE3,MAPE4,MAPE5,MAPE6,MAPE_avg
0.2864576578140259,0.313051700592041,0.3391009569168091,0.36359578371047974,0.3971642851829529,0.4309387505054474,0.355051522453626,0.19361402094364166,0.23046110570430756,0.26638853549957275,0.29526787996292114,0.33251816034317017,0.3735596835613251,0.28196823100248974,1.210316363722086,1.3229837641119957,1.4322749339044094,1.5358181670308113,1.6784405335783958,1.8228208646178246,1.5004424378275871
