MAE1,MAE2,MAE3,MAE4,MAE5,MAE6,MAE_avg,MSE1,MSE2,MSE3,MSE4,MSE5,MSE6,MSE_avg,MAPE1,MAPE2,MAPE3,MAPE4,MAPE5,MAPE6,MAPE_avg
0.7039710879325867,0.6871001720428467,0.6835232377052307,0.6514418125152588,0.5858879685401917,0.681061327457428,0.6654976010322571,0.6862589120864868,0.6833207011222839,0.6889224052429199,0.6577719449996948,0.5471410155296326,0.7201178669929504,0.6639221409956614,2.875557169318199,2.8052665293216705,2.7920741587877274,2.653129957616329,2.3966364562511444,2.780427224934101,2.717181916038195
