MAE1,MAE2,MAE3,MAE4,MAE5,MAE6,MAE_avg,MSE1,MSE2,MSE3,MSE4,MSE5,MSE6,MSE_avg,MAPE1,MAPE2,MAPE3,MAPE4,MAPE5,MAPE6,MAPE_avg
1.0884697437286377,1.0870318412780762,1.0855849981307983,1.0840851068496704,1.0824542045593262,1.0808569192886353,1.0847471356391907,1.7209972143173218,1.7171257734298706,1.7133212089538574,1.709470510482788,1.7053214311599731,1.701367735862732,1.711267312367757,4.613412544131279,4.607650265097618,4.601847380399704,4.595815017819405,4.589226096868515,4.582773149013519,4.598454075555007
