MAE1,MAE2,MAE3,MAE4,MAE5,MAE6,MAE_avg,MSE1,MSE2,MSE3,MSE4,MSE5,MSE6,MSE_avg,MAPE1,MAPE2,MAPE3,MAPE4,MAPE5,MAPE6,MAPE_avg
0.08211837477408408,0.10834184439998697,0.13638705105861712,0.15587480497400877,0.18257237948454905,0.206653680770753,0.1453246892436665,0.013198627808863175,0.024165324479860185,0.03825183272303134,0.048471988269573434,0.06161445415302004,0.0764556075967557,0.043692972505183975,0.374879239126842,0.49482899064683306,0.6217865388935857,0.7094539585294308,0.8329899566955346,0.943753673362583,0.6629487262091349
