MAE1,MAE2,MAE3,MAE4,MAE5,MAE6,MAE_avg,MSE1,MSE2,MSE3,MSE4,MSE5,MSE6,MSE_avg,MAPE1,MAPE2,MAPE3,MAPE4,MAPE5,MAPE6,MAPE_avg
0.2622749119164236,0.33036710780916817,0.3977380141389755,0.4271633681088738,0.4867301570293837,0.5352611529458299,0.40658911865810915,0.15243446925507162,0.24797020943326736,0.34943458408956685,0.41068280733677437,0.4919479788561673,0.5683665776023082,0.37013943776219266,1.2695923222885896,1.5940463036679058,1.9129093728626554,2.0528870476250027,2.3589772876459874,2.612708433782631,1.9668534613121287
