MAE1,MAE2,MAE3,MAE4,MAE5,MAE6,MAE_avg,MSE1,MSE2,MSE3,MSE4,MSE5,MSE6,MSE_avg,MAPE1,MAPE2,MAPE3,MAPE4,MAPE5,MAPE6,MAPE_avg
0.17736153454508516,0.22139653872113285,0.2741555838217319,0.29342105006909874,0.3392313082978112,0.3571500960811705,0.27711935192267173,0.0682685078817631,0.11109559601521364,0.16486823581512952,0.19158923734949296,0.23118960693124627,0.2481724124620152,0.16919726607581012,0.7464522323191096,0.9318543596713497,1.1539810520580114,1.2329639737393168,1.4263699834979338,1.501167422128848,1.1654648372357614
