MAE1,MAE2,MAE3,MAE4,MAE5,MAE6,MAE_avg,MSE1,MSE2,MSE3,MSE4,MSE5,MSE6,MSE_avg,MAPE1,MAPE2,MAPE3,MAPE4,MAPE5,MAPE6,MAPE_avg
0.21156601651556867,0.25293881590913814,0.3110610586014914,0.3299890475006085,0.37267848048578656,0.3872854880392108,0.31091981784196737,0.083056452226576,0.1186657207991055,0.1719189710102483,0.19256885368391927,0.2354661556843341,0.25866365779501505,0.17672330186653304,0.8917514711877825,1.066565406533365,1.3117726639587606,1.3929002932497154,1.5739696982861848,1.635445823784321,1.3120675595000215
