MAE1,MAE2,MAE3,MAE4,MAE5,MAE6,MAE_avg,MSE1,MSE2,MSE3,MSE4,MSE5,MSE6,MSE_avg,MAPE1,MAPE2,MAPE3,MAPE4,MAPE5,MAPE6,MAPE_avg
0.17172542213457767,0.22531383055092621,0.2814970298814577,0.30528942962847216,0.35203109986772724,0.36667397388688694,0.28375513099167465,0.06657900676997208,0.1097664610724293,0.16565209826761532,0.1939613867896418,0.23136381204565395,0.24003318771995769,0.167892658777545,0.7200559644932478,0.9449595528324861,1.1802382032045908,1.2769424416933988,1.4734102306437853,1.5345821244754694,1.1883647528904964
