MAE1,MAE2,MAE3,MAE4,MAE5,MAE6,MAE_avg,MSE1,MSE2,MSE3,MSE4,MSE5,MSE6,MSE_avg,MAPE1,MAPE2,MAPE3,MAPE4,MAPE5,MAPE6,MAPE_avg
0.17279687247106687,0.2271549269752682,0.2840070699221854,0.307877874982632,0.35447802667863054,0.3687218300597145,0.2858394335149162,0.06591384815806552,0.1095381270999033,0.1659031422856988,0.19478601622798916,0.23271011541678627,0.24161306119684128,0.1684107183975474,0.724256569260256,0.952348314303645,1.190426164322037,1.2874670376291428,1.4833256656227454,1.5428175565077602,1.1967735512742643
