MAE1,MAE2,MAE3,MAE4,MAE5,MAE6,MAE_avg,MSE1,MSE2,MSE3,MSE4,MSE5,MSE6,MSE_avg,MAPE1,MAPE2,MAPE3,MAPE4,MAPE5,MAPE6,MAPE_avg
0.21468798444933435,0.2545907989750534,0.3111251492188308,0.3292185523458758,0.3730604860935499,0.38718892061206894,0.31164531528245215,0.0873416706586124,0.12241922690424584,0.17593721745311336,0.19603664066685214,0.2394839982841213,0.2607349356940896,0.18032561494350577,0.9061070572253219,1.0746336433124086,1.3129346054924858,1.3904403910776928,1.576401204500191,1.635904811775538,1.3160702855639397
