MAE1,MAE2,MAE3,MAE4,MAE5,MAE6,MAE_avg,MSE1,MSE2,MSE3,MSE4,MSE5,MSE6,MSE_avg,MAPE1,MAPE2,MAPE3,MAPE4,MAPE5,MAPE6,MAPE_avg
0.3447063103456825,0.43952201674934643,0.5504448162353438,0.5935408815386816,0.6729701967377312,0.7076114837535323,0.5514659508933863,0.1886243074709028,0.2935971162868015,0.4453242018280894,0.5248738313202546,0.6446742526374305,0.7088370975975891,0.4676551345235113,1.5467077050695939,1.969409100645427,2.465376996974608,2.656962286281616,3.009075140111343,3.1626073935894192,2.4683564371120013
