MAE1,MAE2,MAE3,MAE4,MAE5,MAE6,MAE_avg,MSE1,MSE2,MSE3,MSE4,MSE5,MSE6,MSE_avg,MAPE1,MAPE2,MAPE3,MAPE4,MAPE5,MAPE6,MAPE_avg
0.23571907550378993,0.29810157170660273,0.35732705491723765,0.3920893014185288,0.4544024948714945,0.5110463434402833,0.37478097364298946,0.1352678518025695,0.22224381754215958,0.31415256917736983,0.382470575614411,0.47540930391256175,0.573743888719804,0.35054800112814594,1.1501533606071974,1.4514374989432035,1.7356544443911877,1.9017877860369432,2.220101432154746,2.5120404985657014,1.8285291701164965
