MAE1,MAE2,MAE3,MAE4,MAE5,MAE6,MAE_avg,MSE1,MSE2,MSE3,MSE4,MSE5,MSE6,MSE_avg,MAPE1,MAPE2,MAPE3,MAPE4,MAPE5,MAPE6,MAPE_avg
0.09409386678857459,0.1260431401023129,0.15828557709899088,0.18176165524337187,0.21245624289537388,0.2434854877590743,0.1693543283146164,0.01971595266420908,0.034723519791059775,0.053863898980057896,0.06941908147113789,0.0878304665328535,0.10735680111755465,0.06215162009281213,0.4204782498821235,0.5643926328537138,0.7091655402382506,0.8140231259501619,0.9540646615455223,1.0950711372342339,0.7595325579506677
