MAE1,MAE2,MAE3,MAE4,MAE5,MAE6,MAE_avg,MSE1,MSE2,MSE3,MSE4,MSE5,MSE6,MSE_avg,MAPE1,MAPE2,MAPE3,MAPE4,MAPE5,MAPE6,MAPE_avg
0.2212504408129056,0.2744985034816656,0.32844484408628016,0.35634152404882086,0.41285691504192173,0.46345646076992697,0.3428081147069202,0.11784438600022831,0.1882999082784336,0.26331310173213585,0.311120428608041,0.37537394399433877,0.44034538818719243,0.28271619280006166,1.0900994707082856,1.348881874699205,1.6119556444147796,1.7463336768058015,2.040025929228675,2.310023100082741,1.691219949323248
