MAE1,MAE2,MAE3,MAE4,MAE5,MAE6,MAE_avg,MSE1,MSE2,MSE3,MSE4,MSE5,MSE6,MSE_avg,MAPE1,MAPE2,MAPE3,MAPE4,MAPE5,MAPE6,MAPE_avg
0.3412524930395869,0.44113905085098004,0.5392781601972895,0.608723700523086,0.6950920348180951,0.78564821659727,0.5685222760043845,0.24005720975203068,0.40954959584760026,0.6009264421488183,0.7522399164510367,0.9445012524773713,1.1295145109311373,0.6794648212679991,1.577865126866999,2.038905985772691,2.488968032507473,2.8000436866104605,3.2156814726662346,3.6391388880939686,2.626767198752971
