MAE1,MAE2,MAE3,MAE4,MAE5,MAE6,MAE_avg,MSE1,MSE2,MSE3,MSE4,MSE5,MSE6,MSE_avg,MAPE1,MAPE2,MAPE3,MAPE4,MAPE5,MAPE6,MAPE_avg
0.15514290969813593,0.19628089984073857,0.24171087076626482,0.275116048946711,0.2966134150649015,0.31727853850610893,0.24702378047047682,0.0586383904412731,0.09151305316591313,0.13278902713814988,0.1637116674573815,0.19029483652996695,0.21202667339437806,0.1414956080211771,0.7022244553111953,0.8880361846302723,1.0947465036024357,1.2463454306174975,1.3438322990717815,1.4357784408915901,1.1184938856874622
