MAE1,MAE2,MAE3,MAE4,MAE5,MAE6,MAE_avg,MSE1,MSE2,MSE3,MSE4,MSE5,MSE6,MSE_avg,MAPE1,MAPE2,MAPE3,MAPE4,MAPE5,MAPE6,MAPE_avg
0.14864777446721822,0.18254905134277669,0.22947886263258635,0.2562437569296912,0.29550624042638013,0.31820971534925024,0.23843923352465046,0.04733377681398005,0.07091412788556709,0.10216549009752018,0.12160414497174225,0.15597836285980565,0.17870110483453297,0.11278283457719136,0.7800635278173704,0.944763249059688,1.1798399425881236,1.3119701116263254,1.5155016162282413,1.6351190856048383,1.2278762554874312
