MAE1,MAE2,MAE3,MAE4,MAE5,MAE6,MAE_avg,MSE1,MSE2,MSE3,MSE4,MSE5,MSE6,MSE_avg,MAPE1,MAPE2,MAPE3,MAPE4,MAPE5,MAPE6,MAPE_avg
0.1538025790956216,0.18789125653027985,0.23032568512516544,0.24479922616261104,0.28339598959332724,0.2920432748339299,0.23204300189015584,0.05228640419112941,0.07722481661441133,0.1130904553633605,0.1303535001796012,0.1592104367833725,0.1670591392662963,0.11653745873302852,0.6374725590280617,0.7796149247200663,0.956186926904327,1.0142110338470223,1.1759864975871617,1.2125047057904734,0.9626627746461853
