MAE1,MAE2,MAE3,MAE4,MAE5,MAE6,MAE_avg,MSE1,MSE2,MSE3,MSE4,MSE5,MSE6,MSE_avg,MAPE1,MAPE2,MAPE3,MAPE4,MAPE5,MAPE6,MAPE_avg
0.2367085302949819,0.29421845026514665,0.35044819036216324,0.3790397990772773,0.43858021932654007,0.4909927138888353,0.36499798386915744,0.1222092372876678,0.19620511968070362,0.27358415024770927,0.32416659424395444,0.39466788531887637,0.46595097123971346,0.2961306596697708,1.178880506567937,1.460362028048053,1.7356131581823746,1.8737762689205228,2.1834339474658675,2.4623438578700783,1.8157349611758054
