MAE1,MAE2,MAE3,MAE4,MAE5,MAE6,MAE_avg,MSE1,MSE2,MSE3,MSE4,MSE5,MSE6,MSE_avg,MAPE1,MAPE2,MAPE3,MAPE4,MAPE5,MAPE6,MAPE_avg
0.07946369586963845,0.10351490987675233,0.13064499269201074,0.14903918803347296,0.17494009349991807,0.19783148080060192,0.1392390601287324,0.0129645055595214,0.02312813943746585,0.036565512391210225,0.046314055004286106,0.058706052874258195,0.07292830075641223,0.041767761003859004,0.36103550945098156,0.4710926306021721,0.5939053542387029,0.6764156349590922,0.7961735297176689,0.901197235572314,0.6333033157568219
