MAE1,MAE2,MAE3,MAE4,MAE5,MAE6,MAE_avg,MSE1,MSE2,MSE3,MSE4,MSE5,MSE6,MSE_avg,MAPE1,MAPE2,MAPE3,MAPE4,MAPE5,MAPE6,MAPE_avg
0.1790631075666541,0.22314984761956289,0.2745652158871382,0.29437725999614617,0.3414580615140186,0.3604687140463326,0.27884703443830877,0.07155037782346603,0.1146216996723056,0.1687163671032806,0.19622997879819484,0.23626517576049408,0.2525348495917476,0.17331974145824813,0.7541577293120996,0.9397920719555286,1.1562521076207695,1.237501650176022,1.4362662565952242,1.5155288822460415,1.173249782984281
