MAE1,MAE2,MAE3,MAE4,MAE5,MAE6,MAE_avg,MSE1,MSE2,MSE3,MSE4,MSE5,MSE6,MSE_avg,MAPE1,MAPE2,MAPE3,MAPE4,MAPE5,MAPE6,MAPE_avg
0.1520336769696164,0.1700286626031463,0.19017158966168313,0.19961629496932445,0.23697685715607925,0.2694880071091033,0.20305251474482544,0.05709485228219565,0.07347508289843382,0.09069702812347478,0.09581937034170314,0.11820086718650519,0.14596186187886587,0.09687484378519641,0.7910796341936517,0.8836968509065934,0.984385062578731,1.0269056452678937,1.2259447209289152,1.4015188754124044,1.0522551315480315
