MAE1,MAE2,MAE3,MAE4,MAE5,MAE6,MAE_avg,MSE1,MSE2,MSE3,MSE4,MSE5,MSE6,MSE_avg,MAPE1,MAPE2,MAPE3,MAPE4,MAPE5,MAPE6,MAPE_avg
0.14765681735598093,0.1892244588842523,0.23163001537457029,0.2569036418601754,0.3040360960434131,0.3359555125061782,0.24423442367076173,0.048333813910773724,0.07456642327493404,0.10513662450040626,0.12487766350466117,0.162276318582705,0.18826940467526082,0.11724337474145685,0.777120385482189,0.9818513893335287,1.1932998299996411,1.3170995539748576,1.5633833903651184,1.7344164105313284,1.261195159947777
