MAE1,MAE2,MAE3,MAE4,MAE5,MAE6,MAE_avg,MSE1,MSE2,MSE3,MSE4,MSE5,MSE6,MSE_avg,MAPE1,MAPE2,MAPE3,MAPE4,MAPE5,MAPE6,MAPE_avg
0.15509941763355836,0.18988894757858568,0.23271568233102957,0.24727478225838279,0.28556006069970596,0.29378745004209333,0.23405439009055928,0.052146635827397564,0.07747679413683774,0.11375800460929276,0.131442056160844,0.16044034314697977,0.16829430284100055,0.11725968945372539,0.6425307393365524,0.7874868187773313,0.9656506418085291,1.023981603742967,1.1844853109669435,1.219270417319919,0.970567588658707
