MAE1,MAE2,MAE3,MAE4,MAE5,MAE6,MAE_avg,MSE1,MSE2,MSE3,MSE4,MSE5,MSE6,MSE_avg,MAPE1,MAPE2,MAPE3,MAPE4,MAPE5,MAPE6,MAPE_avg
0.23086764057725412,0.275519812733088,0.3390514010612882,0.3776556315211789,0.39952853863306537,0.4044798055886052,0.3378504716857466,0.1134278494473216,0.16154766965882691,0.23816470657302968,0.28923743920565925,0.33401122029989494,0.3534921347537854,0.2483135033230863,1.111013729562291,1.3238281185848693,1.6298523030979617,1.8154747993321934,1.9221285864615492,1.9450240880185183,1.6245536041762305
