MAE1,MAE2,MAE3,MAE4,MAE5,MAE6,MAE_avg,MSE1,MSE2,MSE3,MSE4,MSE5,MSE6,MSE_avg,MAPE1,MAPE2,MAPE3,MAPE4,MAPE5,MAPE6,MAPE_avg
0.22422534738222802,0.27587012512676684,0.32806019598976793,0.35302352193468045,0.4111580766874615,0.4689871359462041,0.3435540671778514,0.12764285398976397,0.20219668609048846,0.2816172016077071,0.3347216430570992,0.4072311447196154,0.49636659842598885,0.30829602131511047,1.0853897775238208,1.3357162076098932,1.5881185225479613,1.7088887296871937,2.010113900021607,2.304413411303023,1.672106758115583
