MAE1,MAE2,MAE3,MAE4,MAE5,MAE6,MAE_avg,MSE1,MSE2,MSE3,MSE4,MSE5,MSE6,MSE_avg,MAPE1,MAPE2,MAPE3,MAPE4,MAPE5,MAPE6,MAPE_avg
0.10928397784580558,0.1425091487757272,0.1756146723396168,0.1980820457297473,0.23056429870160264,0.26235455018424525,0.1864014489294575,0.024598958534289617,0.043090227051894914,0.06664346233190348,0.08473594340747516,0.10736270053629413,0.13171415345990226,0.07635757422029325,0.4946743046607508,0.6451826628580247,0.7946916612041176,0.8948849950144743,1.0447512687076395,1.1899298354647125,0.8440191213182865
