MAE1,MAE2,MAE3,MAE4,MAE5,MAE6,MAE_avg,MSE1,MSE2,MSE3,MSE4,MSE5,MSE6,MSE_avg,MAPE1,MAPE2,MAPE3,MAPE4,MAPE5,MAPE6,MAPE_avg
0.21550185910981934,0.275800906671029,0.3348005003224318,0.36862221404502443,0.4307284257803785,0.48568633324920735,0.35185670652964834,0.12831250659166019,0.2122630692474174,0.3016284430589559,0.3673314346713073,0.45517477497297315,0.5485730488530713,0.3355472128992309,1.0411761663330121,1.3314721861800478,1.6144609332856195,1.775908325214232,2.093269554285491,2.3762290273730557,1.705419365445243
