MAE1,MAE2,MAE3,MAE4,MAE5,MAE6,MAE,MSE1,MSE2,MSE3,MSE4,MSE5,MSE6,MSE,MAPE1,MAPE2,MAPE3,MAPE4,MAPE5,MAPE6,MAPE
0.15217759762815358,0.19703581664177117,0.2456819618559388,0.27849537251792644,0.30838093778707637,0.3307265491849623,0.25208303926930486,0.056080679764757536,0.09005845065493771,0.1341452911954809,0.164262485065509,0.19385760360493956,0.21252649781872934,0.14182183468405898,0.6944003439800119,0.8988619065921056,1.1217844960628898,1.2714417553000341,1.4084605544812803,1.5105748181426257,1.1509206457598244
