MAE1,MAE2,MAE3,MAE4,MAE5,MAE6,MAE_avg,MSE1,MSE2,MSE3,MSE4,MSE5,MSE6,MSE_avg,MAPE1,MAPE2,MAPE3,MAPE4,MAPE5,MAPE6,MAPE_avg
0.25383982576984326,0.31438690289138765,0.37299020553393086,0.40170165358150345,0.466068419872779,0.5223084303348807,0.3885492396640542,0.1512477327420664,0.23830852500803879,0.32810918729854155,0.38238635984453045,0.4659998826609828,0.5525107064793557,0.35309373233891933,1.2245236029830993,1.5165209437556726,1.7962930128099852,1.9335505685501593,2.2594793860303817,2.5455682424837303,1.8793226261021714
