MAE1,MAE2,MAE3,MAE4,MAE5,MAE6,MAE_avg,MSE1,MSE2,MSE3,MSE4,MSE5,MSE6,MSE_avg,MAPE1,MAPE2,MAPE3,MAPE4,MAPE5,MAPE6,MAPE_avg
0.20096303690565134,0.24720338823917226,0.301289220830875,0.3281099620735367,0.3870251900697892,0.41337434984548216,0.31299419132741774,0.07962009060402482,0.11943027403736498,0.17382449296206637,0.2089428890684077,0.2610306637117588,0.2944062405349244,0.18954244181975785,0.8602701518533595,1.0573837366344379,1.2883420169822726,1.4009596821943666,1.6525333674116243,1.7637180187438581,1.3372011623033202
