MAE1,MAE2,MAE3,MAE4,MAE5,MAE6,MAE_avg,MSE1,MSE2,MSE3,MSE4,MSE5,MSE6,MSE_avg,MAPE1,MAPE2,MAPE3,MAPE4,MAPE5,MAPE6,MAPE_avg
0.24156383244568796,0.29652030605747864,0.3499327299823651,0.3758638605156382,0.435714763723388,0.49601504196883445,0.3659350891155653,0.1334561148489129,0.21168050719940354,0.29411360781938617,0.3501826848734956,0.42884202916168357,0.5238866038259691,0.3236935912881418,1.1820225581669892,1.4490881281505243,1.7076039183583605,1.832774364526852,2.142694591947454,2.449813156293252,1.793999452907239
