MAE1,MAE2,MAE3,MAE4,MAE5,MAE6,MAE_avg,MSE1,MSE2,MSE3,MSE4,MSE5,MSE6,MSE_avg,MAPE1,MAPE2,MAPE3,MAPE4,MAPE5,MAPE6,MAPE_avg
0.15758758909132853,0.200542964012221,0.2518998780064124,0.28646866419152517,0.3146612406878453,0.3382437171389332,0.25823400885471093,0.05941471558344322,0.0937167450934306,0.14153723971242296,0.17510204303554466,0.20613650275557988,0.22807726012667748,0.15066408438451648,0.712834954281693,0.9070983040035276,1.1406940175047058,1.2972441350202981,1.425815763846547,1.5327879053680422,1.1694125133374689
