MAE1,MAE2,MAE3,MAE4,MAE5,MAE6,MAE_avg,MSE1,MSE2,MSE3,MSE4,MSE5,MSE6,MSE_avg,MAPE1,MAPE2,MAPE3,MAPE4,MAPE5,MAPE6,MAPE_avg
0.23840901190286995,0.2826100966595449,0.34657791727155246,0.38556196298586537,0.4063624009065194,0.4099188362674768,0.34490670433230486,0.11149153556892547,0.15927130826261227,0.23572667539250802,0.2859652650814163,0.32974017508074427,0.3485575723136887,0.24512542194998252,1.1455855700755013,1.3564312383716328,1.6648899040524172,1.8525141588087417,1.954135237134915,1.9704854319003644,1.6573402567239288
