MAE1,MAE2,MAE3,MAE4,MAE5,MAE6,MAE_avg,MSE1,MSE2,MSE3,MSE4,MSE5,MSE6,MSE_avg,MAPE1,MAPE2,MAPE3,MAPE4,MAPE5,MAPE6,MAPE_avg
0.15380066386500368,0.20001797817167405,0.2500606895584637,0.28442680711771906,0.31520246460988455,0.34134702773814196,0.2574759385101478,0.05965751589833593,0.09426849259008425,0.14201065069568186,0.17587508856975173,0.2072514889982895,0.22968672959945882,0.15145832772526702,0.6958916577443957,0.9052188251493876,1.132399205658359,1.2878212023907798,1.4286516546814205,1.5477441239726764,1.1662877782661698
