MAE1,MAE2,MAE3,MAE4,MAE5,MAE6,MAE_avg,MSE1,MSE2,MSE3,MSE4,MSE5,MSE6,MSE_avg,MAPE1,MAPE2,MAPE3,MAPE4,MAPE5,MAPE6,MAPE_avg
0.15864642313724214,0.20003339714180726,0.24485679314837955,0.2587083018425775,0.303743278887552,0.32307285571357447,0.24817684164518883,0.054021499996194974,0.08312681482340195,0.12371707186489178,0.14361359602778967,0.17801427307811973,0.18899993843296822,0.12858219903722773,0.6603097683788665,0.8328355303639444,1.0193322604866917,1.0748105096380463,1.2634920064146766,1.343538600353681,1.0323864459393177
