MAE1,MAE2,MAE3,MAE4,MAE5,MAE6,MAE_avg,MSE1,MSE2,MSE3,MSE4,MSE5,MSE6,MSE_avg,MAPE1,MAPE2,MAPE3,MAPE4,MAPE5,MAPE6,MAPE_avg
0.3153466164250824,0.4141672807912842,0.5115114911360265,0.5803427397652957,0.6662792006289652,0.7564983409010718,0.5406909449412877,0.22664275690404573,0.39114094973258484,0.5777345116933006,0.725646919707965,0.9116716716353974,1.0925006641914727,0.6542229123107943,1.443584920948219,1.899279086225111,2.3455002375067577,2.6531600509537117,3.066587442780085,3.4886767946840878,2.482798088849662
