MAE1,MAE2,MAE3,MAE4,MAE5,MAE6,MAE_avg,MSE1,MSE2,MSE3,MSE4,MSE5,MSE6,MSE_avg,MAPE1,MAPE2,MAPE3,MAPE4,MAPE5,MAPE6,MAPE_avg
0.17032609833872275,0.19684780239096608,0.23149079778977627,0.24519059337227678,0.27898610121024,0.3169155956553429,0.23995949812622078,0.0751092313041097,0.11003779040605076,0.1477101199016773,0.16413866725245296,0.19262290767003043,0.21894565477255984,0.15142739521781348,0.8677255772518753,1.0023032974148596,1.1751577874243933,1.2399443987901124,1.4236316100446837,1.6275328082989773,1.2227159132041503
