MAE1,MAE2,MAE3,MAE4,MAE5,MAE6,MAE_avg,MSE1,MSE2,MSE3,MSE4,MSE5,MSE6,MSE_avg,MAPE1,MAPE2,MAPE3,MAPE4,MAPE5,MAPE6,MAPE_avg
0.18398268856736816,0.21783717615658088,0.2540229341617083,0.26574599711706676,0.30341335656043383,0.3457131241948848,0.26178587945967374,0.07924737265050413,0.1178792098647294,0.1579636031969728,0.17595286573303595,0.20958429210307752,0.23978330496337946,0.16340177475194986,0.949363834531757,1.1216023929997945,1.3024911362123432,1.355710808665371,1.5593200441670858,1.7868243743708279,1.34588543182453
