MAE1,MAE2,MAE3,MAE4,MAE5,MAE6,MAE_avg,MSE1,MSE2,MSE3,MSE4,MSE5,MSE6,MSE_avg,MAPE1,MAPE2,MAPE3,MAPE4,MAPE5,MAPE6,MAPE_avg
0.15571577860151206,0.1971158877629113,0.24165993127248925,0.25567428321976926,0.30135804352487383,0.320585605198572,0.24535158826335465,0.05419605284170966,0.08299965289807194,0.12310438568625162,0.14263980258139103,0.1768306807074058,0.1876835994410743,0.12790902902598406,0.6485913856553086,0.8211815736890276,1.0065085273567256,1.0627429773416164,1.2541155675609987,1.333797666656751,1.0211562830434047
