MAE1,MAE2,MAE3,MAE4,MAE5,MAE6,MAE_avg,MSE1,MSE2,MSE3,MSE4,MSE5,MSE6,MSE_avg,MAPE1,MAPE2,MAPE3,MAPE4,MAPE5,MAPE6,MAPE_avg
0.23488597386930338,0.2926524221428002,0.3496168139942267,0.3767295206553136,0.43983931228276246,0.49503057052886046,0.3647924355788778,0.14471970334315762,0.22841682850686626,0.31530008630949585,0.36640172932511367,0.4438331556829793,0.5247861597095013,0.33724294381285236,1.1217388553931262,1.3993419064895336,1.6708101665381847,1.8000562520549477,2.1198327709915565,2.4005585231963846,1.7520564124439553
