MAE1,MAE2,MAE3,MAE4,MAE5,MAE6,MAE_avg,MSE1,MSE2,MSE3,MSE4,MSE5,MSE6,MSE_avg,MAPE1,MAPE2,MAPE3,MAPE4,MAPE5,MAPE6,MAPE_avg
0.14825907407274788,0.19222558749437943,0.23604855031676122,0.2697069542410599,0.2934939394535949,0.3171608533916128,0.242815826495026,0.05799393330779785,0.09112779184079974,0.13222202032469632,0.16335891972039096,0.19029270055275113,0.21269271246503113,0.14128134636857784,0.6707062689800868,0.8695456237253683,1.0683894799940963,1.2208692496847064,1.3293695177371678,1.4355780105229177,1.0990763584407237
