MAE1,MAE2,MAE3,MAE4,MAE5,MAE6,MAE,MSE1,MSE2,MSE3,MSE4,MSE5,MSE6,MSE,MAPE1,MAPE2,MAPE3,MAPE4,MAPE5,MAPE6,MAPE
0.15866055874591117,0.20074747767692566,0.25073000434767995,0.2829181853529566,0.3105623300793047,0.33065072281099234,0.2557115465022952,0.056630473887111,0.09039554964178753,0.13474880760677865,0.16477601776375334,0.1940846318514858,0.21227978286101815,0.14215254393532228,0.7236689799908466,0.9154101007491063,1.1449531956433638,1.291938914671753,1.4183242628962245,1.5097063341432952,1.1673336313490985
