MAE1,MAE2,MAE3,MAE4,MAE5,MAE6,MAE,MSE1,MSE2,MSE3,MSE4,MSE5,MSE6,MSE,MAPE1,MAPE2,MAPE3,MAPE4,MAPE5,MAPE6,MAPE
0.1481692017451845,0.1959094272971267,0.24223667404021942,0.28066770396703467,0.32471347345928614,0.36992753213147983,0.2602706687733886,0.0552248827221953,0.09428049063998413,0.1411457840714257,0.18069080493949027,0.22289889658031603,0.27403012816500394,0.1613784978530693,0.648798040560619,0.8590820973542803,1.0628586215086677,1.2315599111828395,1.429422869289331,1.6310700798926263,1.1437986032980607
