MAE1,MAE2,MAE3,MAE4,MAE5,MAE6,MAE_avg,MSE1,MSE2,MSE3,MSE4,MSE5,MSE6,MSE_avg,MAPE1,MAPE2,MAPE3,MAPE4,MAPE5,MAPE6,MAPE_avg
0.10262032071257943,0.1361616191483479,0.16912032292529816,0.19110067699692454,0.22372100210671375,0.2554371485208744,0.17969351506845635,0.02369152583293582,0.04166693168224287,0.06477393806787823,0.08261350887502027,0.10471297350525569,0.1284458359181903,0.07431745231358719,0.4622865253330498,0.614353296877833,0.7632312576239426,0.8611067120194238,1.011645204658094,1.156466394050213,0.8115148984270927
