MAE1,MAE2,MAE3,MAE4,MAE5,MAE6,MAE_avg,MSE1,MSE2,MSE3,MSE4,MSE5,MSE6,MSE_avg,MAPE1,MAPE2,MAPE3,MAPE4,MAPE5,MAPE6,MAPE_avg
0.17838197593500227,0.22400070627868793,0.2768461677983166,0.2971238491956236,0.34934005198615664,0.36774477665959554,0.28223958797556375,0.0735262363676247,0.11674407350055312,0.17074592880620978,0.20336147757036308,0.24821031868325652,0.26274830396228055,0.17922272314838128,0.765964720564143,0.9616071679577204,1.188137176801579,1.271837522503422,1.4971464760750126,1.575233472473799,1.2099877560626127
