MAE1,MAE2,MAE3,MAE4,MAE5,MAE6,MAE,MSE1,MSE2,MSE3,MSE4,MSE5,MSE6,MSE,MAPE1,MAPE2,MAPE3,MAPE4,MAPE5,MAPE6,MAPE
0.13995912842131142,0.1879483212221852,0.23394496559660258,0.2719750193845691,0.31599346189073296,0.3612236049486483,0.25184075024400837,0.05322003222985847,0.09145591528660371,0.13749393425677503,0.17642471604982954,0.2178939645502479,0.26831256277298354,0.15746685419104967,0.6105306018743535,0.8220936819488812,1.0243534359542548,1.1911932154296638,1.3888942665122308,1.590628082564316,1.1046155473806165
