MAE1,MAE2,MAE3,MAE4,MAE5,MAE6,MAE_avg,MSE1,MSE2,MSE3,MSE4,MSE5,MSE6,MSE_avg,MAPE1,MAPE2,MAPE3,MAPE4,MAPE5,MAPE6,MAPE_avg
0.0990066860658121,0.13159963745796577,0.16457742497277372,0.18881670132358377,0.21998520775182845,0.251069236169378,0.17584248229022362,0.020210667008503342,0.03583538104792836,0.055490381691675035,0.07146161907406769,0.09054579540206098,0.11076504315630127,0.06405148123008944,0.44452327255247126,0.5912829950741083,0.7395162601038137,0.8479575009234585,0.9902268648076884,1.1314686902249218,0.7908292639477437
