MAE1,MAE2,MAE3,MAE4,MAE5,MAE6,MAE_avg,MSE1,MSE2,MSE3,MSE4,MSE5,MSE6,MSE_avg,MAPE1,MAPE2,MAPE3,MAPE4,MAPE5,MAPE6,MAPE_avg
0.1434289699306543,0.15101444873844233,0.16844277692308304,0.17841761787672716,0.21004597776447365,0.23819351408546538,0.18159055088647433,0.05477297987479052,0.06728427023473313,0.08287226832267007,0.08667060320081617,0.10405392407202194,0.12818404873902417,0.08730634907400932,0.7383598855762132,0.7781227193194741,0.8656229116274117,0.9126784946849548,1.0817553389902383,1.2329537712146308,0.9349155202354873
