MAE1,MAE2,MAE3,MAE4,MAE5,MAE6,MAE_avg,MSE1,MSE2,MSE3,MSE4,MSE5,MSE6,MSE_avg,MAPE1,MAPE2,MAPE3,MAPE4,MAPE5,MAPE6,MAPE_avg
0.24275434963998363,0.30817073726402067,0.3738470072507658,0.40204560713883875,0.460017206562832,0.5073146085206932,0.38235825272952234,0.14547447592102722,0.23751705277562052,0.33585520173405736,0.39395845187149975,0.4686038077280302,0.5389484327511813,0.35339290379690275,1.1637225846160246,1.4740509173220149,1.7840262951377144,1.9176152573445546,2.2157385156020255,2.463256586716983,1.8364016927898863
