MAE1,MAE2,MAE3,MAE4,MAE5,MAE6,MAE_avg,MSE1,MSE2,MSE3,MSE4,MSE5,MSE6,MSE_avg,MAPE1,MAPE2,MAPE3,MAPE4,MAPE5,MAPE6,MAPE_avg
0.33499930470731026,0.4302491168699429,0.5414985324044098,0.5841857144786802,0.6634320386277419,0.6984802513957299,0.5421408264139692,0.17920433629171792,0.2826598186125434,0.4324978937709808,0.5105217580162387,0.6290006804948335,0.6928738169454541,0.4544597173552947,1.5026295748291247,1.9273407546680312,2.4248796332770652,2.614630280694973,2.965950481716997,3.1213620275579106,2.4261321254573502
