MAE1,MAE2,MAE3,MAE4,MAE5,MAE6,MAE_avg,MSE1,MSE2,MSE3,MSE4,MSE5,MSE6,MSE_avg,MAPE1,MAPE2,MAPE3,MAPE4,MAPE5,MAPE6,MAPE_avg
0.17556998348101596,0.20800159741517968,0.24529598853479695,0.26013517070691083,0.30443060896067525,0.3228181779101595,0.2527085878347897,0.06307898243389845,0.08963203470818908,0.1240911532917458,0.14066725675631384,0.17291965897036152,0.1917597712956402,0.13035814290935813,0.7419801810969996,0.878636555879681,1.035895413163691,1.0969986955316673,1.283980830948788,1.361441124160923,1.0664888001302915
