MAE1,MAE2,MAE3,MAE4,MAE5,MAE6,MAE_avg,MSE1,MSE2,MSE3,MSE4,MSE5,MSE6,MSE_avg,MAPE1,MAPE2,MAPE3,MAPE4,MAPE5,MAPE6,MAPE_avg
0.1721554982905114,0.20541060776213083,0.24489837586582142,0.2604189567840944,0.3051052994942851,0.3238822770819436,0.2519785025464645,0.059827281526554164,0.08663860965766894,0.12189363070189818,0.13887747483526805,0.1717484264430177,0.19190001254791303,0.12848090595205333,0.7268729800932848,0.866994483231027,1.03354296121317,1.097499416093304,1.2860623140231238,1.36506545796957,1.0626729354372466
