MAE1,MAE2,MAE3,MAE4,MAE5,MAE6,MAE_avg,MSE1,MSE2,MSE3,MSE4,MSE5,MSE6,MSE_avg,MAPE1,MAPE2,MAPE3,MAPE4,MAPE5,MAPE6,MAPE_avg
0.17877858025967197,0.22570198259436394,0.2788489454133586,0.2991221516310746,0.3505285906806137,0.368183307879208,0.2835272597430485,0.07215124064972095,0.11558833892683916,0.16988072739436827,0.2027030770785877,0.24746765867432366,0.26232112093156523,0.17835202727590083,0.7671688684725595,0.9683632588836555,1.1962319408135356,1.2798764515823342,1.5017275645848709,1.5766416396004772,1.2150016206562388
