MAE1,MAE2,MAE3,MAE4,MAE5,MAE6,MAE_avg,MSE1,MSE2,MSE3,MSE4,MSE5,MSE6,MSE_avg,MAPE1,MAPE2,MAPE3,MAPE4,MAPE5,MAPE6,MAPE_avg
0.1957137206687134,0.24303781578503197,0.299362571418991,0.3267790240109273,0.38671548875037387,0.413886549069556,0.3109158616172656,0.07538901419968717,0.11553876669591265,0.17097096352233992,0.20629350145892178,0.2593534052900938,0.2933159486200601,0.18681026663116926,0.8370376343463465,1.0387710359045277,1.2794314784776903,1.3946474212799198,1.650660076523633,1.7653676440326755,1.3276525484274655
