MAE1,MAE2,MAE3,MAE4,MAE5,MAE6,MAE_avg,MSE1,MSE2,MSE3,MSE4,MSE5,MSE6,MSE_avg,MAPE1,MAPE2,MAPE3,MAPE4,MAPE5,MAPE6,MAPE_avg
0.3087368309497833,0.2753322720527649,0.24674955010414124,0.2418883740901947,0.25850310921669006,0.2992473244667053,0.27174291014671326,0.12692351639270782,0.11873464286327362,0.13159161806106567,0.1598096489906311,0.183895543217659,0.18449845910072327,0.15090890477101007,1.411640364676714,1.2525375001132488,1.1177736334502697,1.092396304011345,1.172733400017023,1.3707981444895267,1.236313224459688
