MAE1,MAE2,MAE3,MAE4,MAE5,MAE6,MAE_avg,MSE1,MSE2,MSE3,MSE4,MSE5,MSE6,MSE_avg,MAPE1,MAPE2,MAPE3,MAPE4,MAPE5,MAPE6,MAPE_avg
0.21483096480369568,0.23546047508716583,0.25344589352607727,0.2786376178264618,0.3026805818080902,0.3210611045360565,0.2676861062645912,0.06122893467545509,0.07097818702459335,0.08105815201997757,0.09379583597183228,0.10887724161148071,0.12576887011528015,0.09028453690310319,1.02447047829628,1.1202041991055012,1.2080645188689232,1.3266194611787796,1.4461252838373184,1.535021048039198,1.2767508315543334
