MAE1,MAE2,MAE3,MAE4,MAE5,MAE6,MAE_avg,MSE1,MSE2,MSE3,MSE4,MSE5,MSE6,MSE_avg,MAPE1,MAPE2,MAPE3,MAPE4,MAPE5,MAPE6,MAPE_avg
0.186711847782135,0.1786448359489441,0.20643405616283417,0.25468432903289795,0.2938949763774872,0.34248220920562744,0.24380870908498764,0.05640566721558571,0.058303527534008026,0.07683492451906204,0.10679271817207336,0.13581128418445587,0.1751563847064972,0.10155075105528037,0.8737846277654171,0.8311268873512745,0.9634362533688545,1.202110294252634,1.4072053134441376,1.6454005613923073,1.1538439895957708
