MAE1,MAE2,MAE3,MAE4,MAE5,MAE6,MAE_avg,MSE1,MSE2,MSE3,MSE4,MSE5,MSE6,MSE_avg,MAPE1,MAPE2,MAPE3,MAPE4,MAPE5,MAPE6,MAPE_avg
0.2172388881444931,0.19732379913330078,0.1903153359889984,0.17855657637119293,0.18665018677711487,0.19386468827724457,0.19399157911539078,0.06497499346733093,0.06051121652126312,0.057217568159103394,0.05480094999074936,0.06279583275318146,0.06979766488075256,0.06168303762873014,1.0487168096005917,0.9589674882590771,0.9244936518371105,0.8713521063327789,0.9131419472396374,0.9482592344284058,0.9441552062829336
