MAE1,MAE2,MAE3,MAE4,MAE5,MAE6,MAE_avg,MSE1,MSE2,MSE3,MSE4,MSE5,MSE6,MSE_avg,MAPE1,MAPE2,MAPE3,MAPE4,MAPE5,MAPE6,MAPE_avg
0.9201419353485107,0.8570482730865479,0.8694024682044983,0.8736369609832764,0.8845059275627136,0.8824191093444824,0.8811924457550049,1.077052354812622,0.9507914781570435,0.9750725030899048,0.9804276823997498,1.0061473846435547,1.011886477470398,1.000229646762212,4.031870886683464,3.755584731698036,3.805699199438095,3.8262318819761276,3.873274102807045,3.8640186190605164,3.859446570277214
