MAE1,MAE2,MAE3,MAE4,MAE5,MAE6,MAE_avg,MSE1,MSE2,MSE3,MSE4,MSE5,MSE6,MSE_avg,MAPE1,MAPE2,MAPE3,MAPE4,MAPE5,MAPE6,MAPE_avg
0.34913986921310425,0.3579166829586029,0.3657758831977844,0.39703598618507385,0.40992605686187744,0.4924255311489105,0.3953700015942256,0.18102823197841644,0.19086933135986328,0.20513996481895447,0.24045728147029877,0.27737846970558167,0.412404865026474,0.25121302405993146,1.55137088149786,1.5856990590691566,1.6197241842746735,1.7526648938655853,1.8096065148711205,2.1594420075416565,1.7464179235200088
