MAE1,MAE2,MAE3,MAE4,MAE5,MAE6,MAE_avg,MSE1,MSE2,MSE3,MSE4,MSE5,MSE6,MSE_avg,MAPE1,MAPE2,MAPE3,MAPE4,MAPE5,MAPE6,MAPE_avg
0.9305474758148193,0.9329357743263245,0.9699575901031494,0.887416660785675,0.8912758827209473,0.8728582859039307,0.9141652782758077,0.967994749546051,0.9863458275794983,1.069496512413025,0.9260562062263489,0.9589493274688721,0.9473618865013123,0.9760340849558512,4.2824964970350266,4.292161762714386,4.479999467730522,4.100948199629784,4.129232093691826,4.052191600203514,4.22283827016751
