MAE1,MAE2,MAE3,MAE4,MAE5,MAE6,MAE_avg,MSE1,MSE2,MSE3,MSE4,MSE5,MSE6,MSE_avg,MAPE1,MAPE2,MAPE3,MAPE4,MAPE5,MAPE6,MAPE_avg
2.880354404449463,2.9400110244750977,2.965634822845459,2.89936900138855,2.8434741497039795,2.9009194374084473,2.9049604733784995,8.727773666381836,9.082540512084961,9.241543769836426,8.860586166381836,8.547226905822754,8.884590148925781,8.8907101949056,12.130457162857056,12.38386332988739,12.493113428354263,12.212855368852615,11.976601928472519,12.2215136885643,12.236400817831358
