MAE1,MAE2,MAE3,MAE4,MAE5,MAE6,MAE_avg,MSE1,MSE2,MSE3,MSE4,MSE5,MSE6,MSE_avg,MAPE1,MAPE2,MAPE3,MAPE4,MAPE5,MAPE6,MAPE_avg
0.15952928364276886,0.17153659462928772,0.18429504334926605,0.18630404770374298,0.20035530626773834,0.21663297712802887,0.18644220878680548,0.06073044613003731,0.06867268681526184,0.07894814759492874,0.07054014503955841,0.08547182381153107,0.0971229150891304,0.0769143607467413,0.6948488298803568,0.7492378819733858,0.8035988546907902,0.8126163855195045,0.8755209855735302,0.9493683464825153,0.8141985473533472
