MAE1,MAE2,MAE3,MAE4,MAE5,MAE6,MAE_avg,MSE1,MSE2,MSE3,MSE4,MSE5,MSE6,MSE_avg,MAPE1,MAPE2,MAPE3,MAPE4,MAPE5,MAPE6,MAPE_avg
0.5368087291717529,0.4972231388092041,0.5959902405738831,0.4922698140144348,0.4804092049598694,0.5852527618408203,0.5313256482283274,0.3374619781970978,0.2930545508861542,0.4101032018661499,0.29575610160827637,0.29023003578186035,0.41844817996025085,0.3408423413832982,2.4064578115940094,2.229948714375496,2.6695406064391136,2.2040314972400665,2.1542977541685104,2.6235803961753845,2.3813094633320966
