MAE1,MAE2,MAE3,MAE4,MAE5,MAE6,MAE_avg,MSE1,MSE2,MSE3,MSE4,MSE5,MSE6,MSE_avg,MAPE1,MAPE2,MAPE3,MAPE4,MAPE5,MAPE6,MAPE_avg
2.0263164043426514,2.005929470062256,1.9684817790985107,1.975697636604309,1.9887292385101318,1.9977624416351318,1.993819495042165,5.776207447052002,5.658017635345459,5.413389205932617,5.456979274749756,5.563363075256348,5.609108924865723,5.579510927200317,9.429498761892319,9.336113184690475,9.177415817975998,9.2231385409832,9.276201575994492,9.339175373315811,9.296923875808716
