MAE1,MAE2,MAE3,MAE4,MAE5,MAE6,MAE_avg,MSE1,MSE2,MSE3,MSE4,MSE5,MSE6,MSE_avg,MAPE1,MAPE2,MAPE3,MAPE4,MAPE5,MAPE6,MAPE_avg
0.9489678740501404,0.947374701499939,0.9469547867774963,0.9470160603523254,0.9458369612693787,0.9452569484710693,0.9469012220700582,1.141891360282898,1.1379985809326172,1.1370949745178223,1.1374746561050415,1.134793758392334,1.1337124109268188,1.1371609568595886,3.975861147046089,3.9702024310827255,3.969362750649452,3.970448300242424,3.9663445204496384,3.9646554738283157,3.9694791038831077
