MAE1,MAE2,MAE3,MAE4,MAE5,MAE6,MAE_avg,MSE1,MSE2,MSE3,MSE4,MSE5,MSE6,MSE_avg,MAPE1,MAPE2,MAPE3,MAPE4,MAPE5,MAPE6,MAPE_avg
0.5442959070205688,0.8197539448738098,0.9071763753890991,1.4082690477371216,0.6063718199729919,2.0670785903930664,1.0588242808977764,0.5150806307792664,0.8347026705741882,1.409273624420166,2.4613864421844482,0.6161382794380188,4.9520182609558105,1.7980999847253163,2.245679870247841,3.4570474177598953,3.7002108991146088,5.791002884507179,2.4997925385832787,8.727090805768967,4.403470735996962
