MAE1,MAE2,MAE3,MAE4,MAE5,MAE6,MAE_avg,MSE1,MSE2,MSE3,MSE4,MSE5,MSE6,MSE_avg,MAPE1,MAPE2,MAPE3,MAPE4,MAPE5,MAPE6,MAPE_avg
1.1166589260101318,1.114055871963501,1.1127238273620605,1.1103744506835938,1.1085296869277954,1.1065770387649536,1.1114866336186726,1.840844750404358,1.837458610534668,1.8369150161743164,1.8340659141540527,1.8323134183883667,1.8302528858184814,1.8353084325790405,4.515916854143143,4.505063220858574,4.499462246894836,4.489659145474434,4.481945186853409,4.473790153861046,4.494306134680907
