MAE1,MAE2,MAE3,MAE4,MAE5,MAE6,MAE_avg,MSE1,MSE2,MSE3,MSE4,MSE5,MSE6,MSE_avg,MAPE1,MAPE2,MAPE3,MAPE4,MAPE5,MAPE6,MAPE_avg
0.23678770661354065,0.24604292213916779,0.2391333431005478,0.23675495386123657,0.2754317820072174,0.3003690838813782,0.2557532986005147,0.11710266023874283,0.13064733147621155,0.14475740492343903,0.14145104587078094,0.18199117481708527,0.1999870240688324,0.152656106899182,0.9347112849354744,0.9690013714134693,0.9406199678778648,0.9330380707979202,1.088030356913805,1.189002487808466,1.0090672566245
