MAE1,MAE2,MAE3,MAE4,MAE5,MAE6,MAE_avg,MSE1,MSE2,MSE3,MSE4,MSE5,MSE6,MSE_avg,MAPE1,MAPE2,MAPE3,MAPE4,MAPE5,MAPE6,MAPE_avg
0.10442821681499481,0.10021576285362244,0.0994042381644249,0.12564747035503387,0.12392282485961914,0.15569287538528442,0.11821856473882993,0.02318558283150196,0.027888640761375427,0.035817746073007584,0.04170093685388565,0.046322617679834366,0.06042379513382912,0.03922321988890568,0.42939241975545883,0.41489661671221256,0.4135319497436285,0.5217174999415874,0.5159897264093161,0.6477911025285721,0.4905532191817959
