MAE1,MAE2,MAE3,MAE4,MAE5,MAE6,MAE_avg,MSE1,MSE2,MSE3,MSE4,MSE5,MSE6,MSE_avg,MAPE1,MAPE2,MAPE3,MAPE4,MAPE5,MAPE6,MAPE_avg
0.168215811252594,0.1330396831035614,0.19544841349124908,0.20216308534145355,0.1904309242963791,0.23227965831756592,0.18692959596713385,0.050232578068971634,0.051859740167856216,0.08837222307920456,0.0948587954044342,0.10203760862350464,0.11843089759349823,0.08429864048957825,0.6992353592067957,0.5535818170756102,0.8099628612399101,0.8383432403206825,0.7916780188679695,0.9654761292040348,0.7763795709858338
