MAE1,MAE2,MAE3,MAE4,MAE5,MAE6,MAE_avg,MSE1,MSE2,MSE3,MSE4,MSE5,MSE6,MSE_avg,MAPE1,MAPE2,MAPE3,MAPE4,MAPE5,MAPE6,MAPE_avg
1.0395071506500244,1.040602445602417,1.041741132736206,1.0429279804229736,1.0441113710403442,1.0450931787490845,1.042330543200175,1.9783682823181152,1.9796921014785767,1.980908989906311,1.9818381071090698,1.9829819202423096,1.983777642250061,1.981261173884074,4.0206920355558395,4.025441035628319,4.030388221144676,4.03556153178215,4.040675237774849,4.044958204030991,4.032952710986137
