MAE1,MAE2,MAE3,MAE4,MAE5,MAE6,MAE_avg,MSE1,MSE2,MSE3,MSE4,MSE5,MSE6,MSE_avg,MAPE1,MAPE2,MAPE3,MAPE4,MAPE5,MAPE6,MAPE_avg
0.8126384019851685,0.8132539987564087,0.8138477802276611,0.8143689036369324,0.8147402405738831,0.8151640295982361,0.8140022257963816,0.8208065629005432,0.821890652179718,0.8229002356529236,0.823746919631958,0.8244503140449524,0.8251294493675232,0.8231540222962698,3.290165960788727,3.292851150035858,3.295443579554558,3.2977189868688583,3.2993152737617493,3.3011607825756073,3.296109288930893
