MAE1,MAE2,MAE3,MAE4,MAE5,MAE6,MAE_avg,MSE1,MSE2,MSE3,MSE4,MSE5,MSE6,MSE_avg,MAPE1,MAPE2,MAPE3,MAPE4,MAPE5,MAPE6,MAPE_avg
0.9890167117118835,0.9898171424865723,0.9907142519950867,0.9916523098945618,0.992383599281311,0.9931957125663757,0.9911299546559652,1.6807104349136353,1.686485767364502,1.6881252527236938,1.6855093240737915,1.68744695186615,1.6853127479553223,1.6855984131495159,3.855007514357567,3.8578249514102936,3.8616418838500977,3.8662243634462357,3.869238868355751,3.8731783628463745,3.86385265737772
