MAE1,MAE2,MAE3,MAE4,MAE5,MAE6,MAE_avg,MSE1,MSE2,MSE3,MSE4,MSE5,MSE6,MSE_avg,MAPE1,MAPE2,MAPE3,MAPE4,MAPE5,MAPE6,MAPE_avg
1.0047286748886108,1.0049382448196411,1.005097508430481,1.005178451538086,1.0052071809768677,1.0052213668823242,1.0050619045893352,1.441878318786621,1.4421899318695068,1.4424407482147217,1.4425687789916992,1.4427006244659424,1.4426826238632202,1.442410171031952,3.9592456072568893,3.9601467549800873,3.960827738046646,3.9611730724573135,3.961276635527611,3.961346670985222,3.9606694132089615
