MAE1,MAE2,MAE3,MAE4,MAE5,MAE6,MAE_avg,MSE1,MSE2,MSE3,MSE4,MSE5,MSE6,MSE_avg,MAPE1,MAPE2,MAPE3,MAPE4,MAPE5,MAPE6,MAPE_avg
0.28066733479499817,0.3141424357891083,0.31218066811561584,0.3089544177055359,0.30501118302345276,0.2815130352973938,0.30041151245435077,0.10774177312850952,0.12670189142227173,0.1244252398610115,0.1275774985551834,0.12461166083812714,0.11851535737514496,0.12159557019670804,1.3454570434987545,1.515184435993433,1.5090341679751873,1.4851984567940235,1.464303396642208,1.3533463701605797,1.4454206451773643
