MAE1,MAE2,MAE3,MAE4,MAE5,MAE6,MAE_avg,MSE1,MSE2,MSE3,MSE4,MSE5,MSE6,MSE_avg,MAPE1,MAPE2,MAPE3,MAPE4,MAPE5,MAPE6,MAPE_avg
0.09205127507448196,0.09793608635663986,0.09391576051712036,0.10349088907241821,0.1166209802031517,0.11950615048408508,0.10392019028464954,0.0247398279607296,0.0342080220580101,0.044684067368507385,0.049813974648714066,0.052376214414834976,0.05277217924594879,0.04309904761612415,0.36279589403420687,0.3859604708850384,0.3732070326805115,0.4104949999600649,0.4627253860235214,0.47393906861543655,0.41152047536646325
