MAE1,MAE2,MAE3,MAE4,MAE5,MAE6,MAE_avg,MSE1,MSE2,MSE3,MSE4,MSE5,MSE6,MSE_avg,MAPE1,MAPE2,MAPE3,MAPE4,MAPE5,MAPE6,MAPE_avg
0.8648414611816406,0.8661436438560486,0.867515504360199,0.8688505291938782,0.8701585531234741,0.8714220523834229,0.8681552906831106,0.8372631072998047,0.8404221534729004,0.8437649607658386,0.847023606300354,0.8501998782157898,0.8532335162162781,0.8453178703784943,3.5696137696504593,3.575434535741806,3.5815704613924026,3.587542474269867,3.5933904349803925,3.5990331321954727,3.584430801371733
