MAE1,MAE2,MAE3,MAE4,MAE5,MAE6,MAE_avg,MSE1,MSE2,MSE3,MSE4,MSE5,MSE6,MSE_avg,MAPE1,MAPE2,MAPE3,MAPE4,MAPE5,MAPE6,MAPE_avg
0.10512185841798782,0.10571864992380142,0.11568119376897812,0.12141922116279602,0.12267497926950455,0.1368160992860794,0.11790533363819122,0.021841637790203094,0.02485240064561367,0.03142180293798447,0.0349365696310997,0.04323286935687065,0.05027920752763748,0.034427414648234844,0.4332540091127157,0.4357644356787205,0.47624330036342144,0.49888910725712776,0.5038722883909941,0.5619441159069538,0.4849945427849889
