MAE1,MAE2,MAE3,MAE4,MAE5,MAE6,MAE_avg,MSE1,MSE2,MSE3,MSE4,MSE5,MSE6,MSE_avg,MAPE1,MAPE2,MAPE3,MAPE4,MAPE5,MAPE6,MAPE_avg
0.7540842294692993,0.7547855377197266,0.7554833889007568,0.7560684680938721,0.7566258311271667,0.7571407556533813,0.7556980351607004,0.7250301241874695,0.7260818481445312,0.7271156907081604,0.7280243635177612,0.7288352251052856,0.7296057343482971,0.7274488310019175,3.0628494918346405,3.0659038573503494,3.0689429491758347,3.071477822959423,3.073899820446968,3.076130896806717,3.0698674730956554
