MAE1,MAE2,MAE3,MAE4,MAE5,MAE6,MAE_avg,MSE1,MSE2,MSE3,MSE4,MSE5,MSE6,MSE_avg,MAPE1,MAPE2,MAPE3,MAPE4,MAPE5,MAPE6,MAPE_avg
0.8547467589378357,0.8523014783859253,0.8516497611999512,0.8450180292129517,0.8449977040290833,0.8451594710350037,0.8489788671334585,1.0867048501968384,1.0811716318130493,1.0887113809585571,1.0773156881332397,1.0762544870376587,1.070214867591858,1.0800621509552002,3.4558817744255066,3.4465596079826355,3.4431684762239456,3.416529670357704,3.4171536564826965,3.418365493416786,3.4329431131482124
