MAE1,MAE2,MAE3,MAE4,MAE5,MAE6,MAE_avg,MSE1,MSE2,MSE3,MSE4,MSE5,MSE6,MSE_avg,MAPE1,MAPE2,MAPE3,MAPE4,MAPE5,MAPE6,MAPE_avg
1.7649770975112915,1.706291913986206,1.6674590110778809,1.6289803981781006,1.6067348718643188,1.546745777130127,1.653531511624654,4.158308029174805,3.95748233795166,3.829197883605957,3.70527720451355,3.636171340942383,3.450915575027466,3.78955872853597,7.03105553984642,6.791646778583527,6.633196771144867,6.476157158613205,6.385320425033569,6.140798702836037,6.5763625626762705
