MAE1,MAE2,MAE3,MAE4,MAE5,MAE6,MAE_avg,MSE1,MSE2,MSE3,MSE4,MSE5,MSE6,MSE_avg,MAPE1,MAPE2,MAPE3,MAPE4,MAPE5,MAPE6,MAPE_avg
0.6805156469345093,0.6814532279968262,0.6823937892913818,0.6833103895187378,0.684165358543396,0.6849885582923889,0.6828044950962067,0.6867424249649048,0.6880537271499634,0.6893918514251709,0.6906591653823853,0.6918585896492004,0.6930428147315979,0.6899580955505371,2.778579294681549,2.7826694771647453,2.786772698163986,2.790769562125206,2.794494666159153,2.7980785816907883,2.7885607133309045
