MAE1,MAE2,MAE3,MAE4,MAE5,MAE6,MAE_avg,MSE1,MSE2,MSE3,MSE4,MSE5,MSE6,MSE_avg,MAPE1,MAPE2,MAPE3,MAPE4,MAPE5,MAPE6,MAPE_avg
1.6741769,1.6789082,1.6835169,1.6887294,1.6940448,1.6995021,1.6864797,3.1642797,3.1868677,3.2092035,3.233366,3.2574804,3.2815664,3.2221272,7.369968295097351,7.3935650289058685,7.4167124927043915,7.442524284124374,7.468791306018829,7.495641708374023,7.43120051920414
