MAE1,MAE2,MAE3,MAE4,MAE5,MAE6,MAE_avg,MSE1,MSE2,MSE3,MSE4,MSE5,MSE6,MSE_avg,MAPE1,MAPE2,MAPE3,MAPE4,MAPE5,MAPE6,MAPE_avg
1.226922631263733,1.2317272424697876,1.2366663217544556,1.2418993711471558,1.2473971843719482,1.253129243850708,1.2396236658096313,1.8667508363723755,1.8852877616882324,1.9043173789978027,1.923872947692871,1.9436923265457153,1.9635919332504272,1.914585530757904,5.419733375310898,5.44322282075882,5.467370897531509,5.492814630270004,5.519396811723709,5.546948313713074,5.481581141551335
