MAE1,MAE2,MAE3,MAE4,MAE5,MAE6,MAE_avg,MSE1,MSE2,MSE3,MSE4,MSE5,MSE6,MSE_avg,MAPE1,MAPE2,MAPE3,MAPE4,MAPE5,MAPE6,MAPE_avg
0.79172766,0.79465276,0.7976597,0.80074126,0.8038063,0.80684054,0.799238,1.0843736,1.0897739,1.0954978,1.1012796,1.1070416,1.1127316,1.0984496,3.1514860689640045,3.1645677983760834,3.1780295073986053,3.1918562948703766,3.2056089490652084,3.2192036509513855,3.185125378270944
