MAE1,MAE2,MAE3,MAE4,MAE5,MAE6,MAE_avg,MSE1,MSE2,MSE3,MSE4,MSE5,MSE6,MSE_avg,MAPE1,MAPE2,MAPE3,MAPE4,MAPE5,MAPE6,MAPE_avg
0.1443452,0.16869332,0.19147146,0.21135378,0.23175688,0.24384572,0.19857772,0.03664692,0.053512417,0.06805311,0.07977503,0.09213965,0.10248904,0.072102696,0.6249731872230768,0.7305057719349861,0.8306052535772324,0.9179086424410343,1.0094421915709972,1.063181646168232,0.8627694488192598
