MAE1,MAE2,MAE3,MAE4,MAE5,MAE6,MAE_avg,MSE1,MSE2,MSE3,MSE4,MSE5,MSE6,MSE_avg,MAPE1,MAPE2,MAPE3,MAPE4,MAPE5,MAPE6,MAPE_avg
0.24675482511520386,0.2417316883802414,0.2254699468612671,0.20822395384311676,0.1922842264175415,0.2071448117494583,0.22026824206113815,0.14911159873008728,0.1313835084438324,0.11887707561254501,0.1007084846496582,0.08340594172477722,0.10595392435789108,0.1149067555864652,1.2980468571186066,1.2711546383798122,1.1825175024569035,1.0971845127642155,1.0263263247907162,1.1035204865038395,1.1631250536690156
