MAE1,MAE2,MAE3,MAE4,MAE5,MAE6,MAE_avg,MSE1,MSE2,MSE3,MSE4,MSE5,MSE6,MSE_avg,MAPE1,MAPE2,MAPE3,MAPE4,MAPE5,MAPE6,MAPE_avg
0.18744764,0.1794744,0.2046846,0.19551337,0.23441388,0.254437,0.20932847,0.05078447,0.048714854,0.06264869,0.06024524,0.08094361,0.097856484,0.066865556,0.812080129981041,0.7765812799334526,0.8860431611537933,0.8450647816061974,1.0154299437999725,1.1021864600479603,0.9062309594204029
