MAE1,MAE2,MAE3,MAE4,MAE5,MAE6,MAE_avg,MSE1,MSE2,MSE3,MSE4,MSE5,MSE6,MSE_avg,MAPE1,MAPE2,MAPE3,MAPE4,MAPE5,MAPE6,MAPE_avg
0.7152901,0.71656007,0.71783036,0.7190633,0.7201546,0.7221716,0.71851164,0.76298195,0.76479983,0.7666615,0.7685982,0.7703859,0.7730336,0.7677434,3.150743618607521,3.156498819589615,3.1622663140296936,3.167887032032013,3.1728800386190414,3.182036802172661,3.1653854375084243
