MAE1,MAE2,MAE3,MAE4,MAE5,MAE6,MAE_avg,MSE1,MSE2,MSE3,MSE4,MSE5,MSE6,MSE_avg,MAPE1,MAPE2,MAPE3,MAPE4,MAPE5,MAPE6,MAPE_avg
0.6286458,0.6308859,0.633168,0.6355004,0.6379037,0.6402652,0.6343948,0.49603042,0.5012141,0.50656354,0.51206803,0.51777405,0.52344424,0.5095157,2.757755294442177,2.768387086689472,2.7792340144515038,2.7903275564312935,2.8017662465572357,2.813021093606949,2.785081882029772
