MAE1,MAE2,MAE3,MAE4,MAE5,MAE6,MAE_avg,MSE1,MSE2,MSE3,MSE4,MSE5,MSE6,MSE_avg,MAPE1,MAPE2,MAPE3,MAPE4,MAPE5,MAPE6,MAPE_avg
0.911075,0.91268194,0.9143298,0.9161505,0.91792214,0.9198555,0.91533583,1.1797162,1.1812259,1.1827691,1.1846527,1.186404,1.1884834,1.1838752,3.837132081389427,3.8445279002189636,3.8521427661180496,3.860514983534813,3.8687091320753098,3.8776103407144547,3.8567728673418364
