MAE1,MAE2,MAE3,MAE4,MAE5,MAE6,MAE_avg,MSE1,MSE2,MSE3,MSE4,MSE5,MSE6,MSE_avg,MAPE1,MAPE2,MAPE3,MAPE4,MAPE5,MAPE6,MAPE_avg
0.87728065,0.88198423,0.88848025,0.89573914,0.9024164,0.9097246,0.8926042,1.3751018,1.3969445,1.4230884,1.4507318,1.4726413,1.49711,1.4359363,4.086947441101074,4.11478728055954,4.150232300162315,4.189158603549004,4.223949462175369,4.262132570147514,4.17120127628247
