MAE1,MAE2,MAE3,MAE4,MAE5,MAE6,MAE_avg,MSE1,MSE2,MSE3,MSE4,MSE5,MSE6,MSE_avg,MAPE1,MAPE2,MAPE3,MAPE4,MAPE5,MAPE6,MAPE_avg
1.2936618,1.3027056,1.311478,1.3189381,1.3243113,1.333744,1.3141398,2.4249742,2.4610891,2.4948292,2.5247076,2.543434,2.5768423,2.5043128,6.031956151127815,6.078391522169113,6.1234597116708755,6.162609159946442,6.190619617700577,6.238019838929176,6.137509333590667
