MAE1,MAE2,MAE3,MAE4,MAE5,MAE6,MAE_avg,MSE1,MSE2,MSE3,MSE4,MSE5,MSE6,MSE_avg,MAPE1,MAPE2,MAPE3,MAPE4,MAPE5,MAPE6,MAPE_avg
1.536657,1.5442241,1.5519669,1.5597999,1.5665677,1.5740867,1.5555502,3.872492,3.8975928,3.9237487,3.9505486,3.9706202,3.9955125,3.9350855,7.716333121061325,7.756195217370987,7.797127962112427,7.83863440155983,7.873689383268356,7.913294434547424,7.815879086653392
