MAE1,MAE2,MAE3,MAE4,MAE5,MAE6,MAE_avg,MSE1,MSE2,MSE3,MSE4,MSE5,MSE6,MSE_avg,MAPE1,MAPE2,MAPE3,MAPE4,MAPE5,MAPE6,MAPE_avg
1.7774142,1.7850543,1.7929856,1.8009704,1.8079987,1.8152847,1.796618,4.0951767,4.130099,4.1665053,4.203835,4.2342963,4.2664537,4.182728,8.959653973579407,9.004447609186172,9.050913155078888,9.097906202077866,9.138662368059158,9.181064367294312,9.072107945879301
