MAE1,MAE2,MAE3,MAE4,MAE5,MAE6,MAE_avg,MSE1,MSE2,MSE3,MSE4,MSE5,MSE6,MSE_avg,MAPE1,MAPE2,MAPE3,MAPE4,MAPE5,MAPE6,MAPE_avg
1.4253725,1.429976,1.4347453,1.4396484,1.4437588,1.4479655,1.4369111,2.4289286,2.4509833,2.4742117,2.4982858,2.5171547,2.5367417,2.4843843,6.785458326339722,6.815239042043686,6.846108287572861,6.877908110618591,6.9044895470142365,6.931683421134949,6.860147789120674
