MAE1,MAE2,MAE3,MAE4,MAE5,MAE6,MAE_avg,MSE1,MSE2,MSE3,MSE4,MSE5,MSE6,MSE_avg,MAPE1,MAPE2,MAPE3,MAPE4,MAPE5,MAPE6,MAPE_avg
0.16437553,0.15981519,0.14636469,0.1423653,0.16386604,0.19052902,0.1612193,0.046437036,0.05069602,0.044922322,0.048130378,0.060795363,0.07691058,0.05464862,0.7895208895206451,0.7689796853810549,0.7193782366812229,0.7016629446297884,0.8107610046863556,0.9359491989016533,0.7877086599667867
