MAE1,MAE2,MAE3,MAE4,MAE5,MAE6,MAE_avg,MSE1,MSE2,MSE3,MSE4,MSE5,MSE6,MSE_avg,MAPE1,MAPE2,MAPE3,MAPE4,MAPE5,MAPE6,MAPE_avg
0.22669684886932373,0.2615478038787842,0.279206782579422,0.2957977056503296,0.2766970694065094,0.26986977458000183,0.26830266416072845,0.09740850329399109,0.11448410153388977,0.12448450922966003,0.1394733190536499,0.11957148462533951,0.1267494261264801,0.12036189064383507,1.1377088725566864,1.3092453591525555,1.3989724218845367,1.4810428954660892,1.3964145444333553,1.3758141547441483,1.3498663747062285
