MAE1,MAE2,MAE3,MAE4,MAE5,MAE6,MAE_avg,MSE1,MSE2,MSE3,MSE4,MSE5,MSE6,MSE_avg,MAPE1,MAPE2,MAPE3,MAPE4,MAPE5,MAPE6,MAPE_avg
2.0051866,1.997323,1.9922149,1.9876004,1.9823685,1.9772552,1.9903246,6.705565,6.6557446,6.6276746,6.6023774,6.576228,6.546989,6.6190963,9.08847451210022,9.061700850725174,9.045267850160599,9.03114378452301,9.012863785028458,8.996032923460007,9.03924728433291
