MAE1,MAE2,MAE3,MAE4,MAE5,MAE6,MAE_avg,MSE1,MSE2,MSE3,MSE4,MSE5,MSE6,MSE_avg,MAPE1,MAPE2,MAPE3,MAPE4,MAPE5,MAPE6,MAPE_avg
0.11547947,0.11717779,0.12180288,0.12022863,0.13340686,0.14811231,0.12603466,0.023288727,0.024643583,0.029681103,0.031293888,0.0363673,0.0489748,0.0323749,0.5723729263991117,0.5809111520648003,0.6056166719645262,0.6035016849637032,0.6760409101843834,0.754441088065505,0.632147405607005
