MAE1,MAE2,MAE3,MAE4,MAE5,MAE6,MAE_avg,MSE1,MSE2,MSE3,MSE4,MSE5,MSE6,MSE_avg,MAPE1,MAPE2,MAPE3,MAPE4,MAPE5,MAPE6,MAPE_avg
0.26282015442848206,0.256841242313385,0.2591799795627594,0.2632349133491516,0.27030855417251587,0.26691934466362,0.26321736474831897,0.14884315431118011,0.1512315720319748,0.16047431528568268,0.16824737191200256,0.17168788611888885,0.16435590386390686,0.16080670058727264,1.2181286700069904,1.1839346960186958,1.1957015842199326,1.2181823141872883,1.254370715469122,1.2452083639800549,1.219254390647014
