MAE1,MAE2,MAE3,MAE4,MAE5,MAE6,MAE_avg,MSE1,MSE2,MSE3,MSE4,MSE5,MSE6,MSE_avg,MAPE1,MAPE2,MAPE3,MAPE4,MAPE5,MAPE6,MAPE_avg
0.23072311282157898,0.21833230555057526,0.1862086057662964,0.19374817609786987,0.1837996542453766,0.21001720428466797,0.2038048431277275,0.10156185179948807,0.09497958421707153,0.08367214351892471,0.08565568178892136,0.08340015262365341,0.10622173547744751,0.09258185823758443,1.0863068513572216,1.0294072329998016,0.8852895349264145,0.9186389856040478,0.8777749724686146,1.0065598413348198,0.9673295697818199
