MAE1,MAE2,MAE3,MAE4,MAE5,MAE6,MAE_avg,MSE1,MSE2,MSE3,MSE4,MSE5,MSE6,MSE_avg,MAPE1,MAPE2,MAPE3,MAPE4,MAPE5,MAPE6,MAPE_avg
0.1537352055311203,0.19188320636749268,0.20113413035869598,0.261784166097641,0.2857557237148285,0.42459341883659363,0.2531476418177287,0.03752529248595238,0.05337674543261528,0.05736523121595383,0.08988673985004425,0.10780484229326248,0.22422803938388824,0.09503114844361941,0.7279057521373034,0.8996040560305119,0.9436535649001598,1.2341943569481373,1.3521253131330013,2.0049892365932465,1.19374537995706
