MAE1,MAE2,MAE3,MAE4,MAE5,MAE6,MAE_avg,MSE1,MSE2,MSE3,MSE4,MSE5,MSE6,MSE_avg,MAPE1,MAPE2,MAPE3,MAPE4,MAPE5,MAPE6,MAPE_avg
0.3033055365085602,0.32617273926734924,0.34796592593193054,0.3558177947998047,0.3687947988510132,0.3855786919593811,0.34793924788633984,0.17264240980148315,0.1859050989151001,0.18904243409633636,0.18008138239383698,0.1738092005252838,0.21338804066181183,0.18581142773230871,1.5199005603790283,1.6319269314408302,1.7204377800226212,1.769908145070076,1.8279492855072021,1.9202012568712234,1.7317206598818302
