MAE1,MAE2,MAE3,MAE4,MAE5,MAE6,MAE_avg,MSE1,MSE2,MSE3,MSE4,MSE5,MSE6,MSE_avg,MAPE1,MAPE2,MAPE3,MAPE4,MAPE5,MAPE6,MAPE_avg
0.47490188479423523,0.4400840997695923,0.4308058023452759,0.41817912459373474,0.4414585828781128,0.45622938871383667,0.4436098138491313,0.3856368660926819,0.3777875006198883,0.36133673787117004,0.35387885570526123,0.38666054606437683,0.41309577226638794,0.3797327131032944,2.1169885993003845,1.9478874281048775,1.914641447365284,1.8620973452925682,1.9695872440934181,2.034560404717922,1.9742937448124092
