MAE1,MAE2,MAE3,MAE4,MAE5,MAE6,MAE_avg,MSE1,MSE2,MSE3,MSE4,MSE5,MSE6,MSE_avg,MAPE1,MAPE2,MAPE3,MAPE4,MAPE5,MAPE6,MAPE_avg
0.9920766,0.9931772,0.9946091,0.9960298,0.99729323,0.99812347,0.9952183,1.394573,1.3976899,1.4015384,1.4054058,1.4089668,1.4116455,1.4033033,4.717030748724937,4.722857102751732,4.7303736209869385,4.737845063209534,4.744525626301765,4.749015718698502,4.733607980112235
