MAE1,MAE2,MAE3,MAE4,MAE5,MAE6,MAE_avg,MSE1,MSE2,MSE3,MSE4,MSE5,MSE6,MSE_avg,MAPE1,MAPE2,MAPE3,MAPE4,MAPE5,MAPE6,MAPE_avg
0.91975737,0.9230927,0.92482764,0.92790896,0.92694515,0.9271327,0.9249441,1.1109248,1.117833,1.1207091,1.1268317,1.1230063,1.1225332,1.1203064,4.547733440995216,4.564735293388367,4.5735519379377365,4.589162766933441,4.584105685353279,4.584934934973717,4.574037343263626
