MAE1,MAE2,MAE3,MAE4,MAE5,MAE6,MAE_avg,MSE1,MSE2,MSE3,MSE4,MSE5,MSE6,MSE_avg,MAPE1,MAPE2,MAPE3,MAPE4,MAPE5,MAPE6,MAPE_avg
0.18493357,0.18246607,0.20650187,0.21776177,0.22631873,0.23597252,0.20899242,0.06690417,0.0682971,0.08169988,0.092734456,0.09934048,0.11154119,0.086752884,0.8399637416005135,0.8263558149337769,0.9388275444507599,0.9895169176161289,1.0272839106619358,1.0717840865254402,0.9489553359647592
