MAE1,MAE2,MAE3,MAE4,MAE5,MAE6,MAE_avg,MSE1,MSE2,MSE3,MSE4,MSE5,MSE6,MSE_avg,MAPE1,MAPE2,MAPE3,MAPE4,MAPE5,MAPE6,MAPE_avg
0.18817101,0.21270338,0.24647161,0.27382213,0.34751084,0.37875456,0.27457225,0.054990694,0.07205877,0.09838097,0.123512626,0.18493924,0.21753435,0.12523611,0.8572707884013653,0.969760213047266,1.1217787861824036,1.243478525429964,1.577821560204029,1.7150495201349258,1.247526565566659
