MAE1,MAE2,MAE3,MAE4,MAE5,MAE6,MAE_avg,MSE1,MSE2,MSE3,MSE4,MSE5,MSE6,MSE_avg,MAPE1,MAPE2,MAPE3,MAPE4,MAPE5,MAPE6,MAPE_avg
0.2773776650428772,0.28801143169403076,0.3012526035308838,0.32297348976135254,0.339539110660553,0.34264400601387024,0.3119663844505946,0.12788748741149902,0.1396999955177307,0.15279516577720642,0.17954732477664948,0.2010471373796463,0.20803984999656677,0.16816949347654978,1.2634207494556904,1.3106780126690865,1.3718429952859879,1.4696627855300903,1.5451090410351753,1.561787724494934,1.4204168847451608
