MAE1,MAE2,MAE3,MAE4,MAE5,MAE6,MAE_avg,MSE1,MSE2,MSE3,MSE4,MSE5,MSE6,MSE_avg,MAPE1,MAPE2,MAPE3,MAPE4,MAPE5,MAPE6,MAPE_avg
0.22353242,0.21253507,0.21405202,0.22539929,0.23032145,0.2437898,0.22493833,0.076762185,0.0690234,0.07013191,0.075583756,0.0782364,0.08887662,0.076435715,0.9829733520746231,0.9369182400405407,0.9444824419915676,0.9946827776730061,1.0178925469517708,1.0761572979390621,0.9921844427784284
