MAE1,MAE2,MAE3,MAE4,MAE5,MAE6,MAE_avg,MSE1,MSE2,MSE3,MSE4,MSE5,MSE6,MSE_avg,MAPE1,MAPE2,MAPE3,MAPE4,MAPE5,MAPE6,MAPE_avg
0.1580460801066312,0.19254509754225788,0.2390228571227895,0.24781373074709992,0.2961027790390132,0.3191688593981714,0.24211656732599385,0.07172929216674556,0.09076469570349043,0.1261030272255919,0.13044920820523828,0.1698610990913224,0.17207631749478886,0.12683060664786291,0.6487236191092821,0.7894752052946489,0.9782112827748564,1.0116212712709909,1.2094964789760774,1.3020712235411231,0.9899331801611632
