MAE1,MAE2,MAE3,MAE4,MAE5,MAE6,MAE_avg,MSE1,MSE2,MSE3,MSE4,MSE5,MSE6,MSE_avg,MAPE1,MAPE2,MAPE3,MAPE4,MAPE5,MAPE6,MAPE_avg
0.08845652021670944,0.1203489493067155,0.15653964245203142,0.17915312017443782,0.20484339565505258,0.23577481315770832,0.16418607349377587,0.01665309487446349,0.029947253218114662,0.04847934259801051,0.0652082457868708,0.08403835181786055,0.10649973242617426,0.05847100345358239,0.4034110427014702,0.5505031483280565,0.716209773084063,0.8189047506476113,0.9401320543384764,1.0845887097286386,0.7522915798047193
