MAE1,MAE2,MAE3,MAE4,MAE5,MAE6,MAE_avg,MSE1,MSE2,MSE3,MSE4,MSE5,MSE6,MSE_avg,MAPE1,MAPE2,MAPE3,MAPE4,MAPE5,MAPE6,MAPE_avg
0.16463630980683203,0.20078852735137864,0.2506925535163612,0.26983666558414654,0.3168598176976849,0.34687605745143174,0.25828165523463914,0.07547238461702958,0.10638476713500047,0.1521685811605441,0.17498380484305087,0.2183556542817757,0.2415781872704833,0.16149056321798066,0.6968266772182016,0.8490561280384316,1.0583761080291363,1.1374818759146974,1.3349739225558808,1.459925495690657,1.0894400345745006
