MAE1,MAE2,MAE3,MAE4,MAE5,MAE6,MAE_avg,MSE1,MSE2,MSE3,MSE4,MSE5,MSE6,MSE_avg,MAPE1,MAPE2,MAPE3,MAPE4,MAPE5,MAPE6,MAPE_avg
0.2434223107534522,0.2839805902094549,0.33780078603143804,0.35223483003807204,0.40164593072158766,0.457619763227684,0.34611736849694813,0.155431333707423,0.22659723299893705,0.314127198897764,0.35214885634176396,0.42136936873989655,0.49914725381191744,0.32813687408295034,1.1357178751740624,1.3344247929181834,1.5877161733538525,1.66250369511322,1.915941108481752,2.2029446667710513,1.6398747186353535
