MAE1,MAE2,MAE3,MAE4,MAE5,MAE6,MAE_avg,MSE1,MSE2,MSE3,MSE4,MSE5,MSE6,MSE_avg,MAPE1,MAPE2,MAPE3,MAPE4,MAPE5,MAPE6,MAPE_avg
0.22681633219532432,0.28658722458378877,0.35188759781114476,0.38290756022021627,0.4375841408435937,0.4853163758851584,0.36184987192320434,0.1372004623986,0.22167963579204733,0.3140786324129902,0.3668889816655603,0.42011622423091327,0.4800848979724657,0.32334147241209615,1.0678675477874866,1.3528117237588189,1.6589123165685111,1.8048445296814204,2.081118095411979,2.324720270981632,1.7150457473649745
