MAE1,MAE2,MAE3,MAE4,MAE5,MAE6,MAE,MSE1,MSE2,MSE3,MSE4,MSE5,MSE6,MSE,MAPE1,MAPE2,MAPE3,MAPE4,MAPE5,MAPE6,MAPE
0.24464824309359032,0.30743272237636093,0.36634688820831385,0.3887044804177394,0.43289899169699936,0.474360051362784,0.36906522952596466,0.15599428146415606,0.24467741334137594,0.33751408982623515,0.3758557973731142,0.4209307918401153,0.4739321275241422,0.3348174168948567,1.1316815303935834,1.427259738950017,1.7026291489435643,1.8140121595878258,2.0403131253218043,2.2554885656640056,1.7285640448101336
