MAE1,MAE2,MAE3,MAE4,MAE5,MAE6,MAE_avg,MSE1,MSE2,MSE3,MSE4,MSE5,MSE6,MSE_avg,MAPE1,MAPE2,MAPE3,MAPE4,MAPE5,MAPE6,MAPE_avg
0.2253715835348024,0.2629616504305262,0.30545706171763626,0.3145274280551722,0.3692303440482553,0.41423047723646944,0.31529642417047693,0.1026069209872435,0.17077512275429632,0.22964286498392347,0.25154077755788123,0.2986848747219546,0.3585117899101858,0.23529372515258082,1.1709246030865073,1.371765085536472,1.5862536640150515,1.6253561926926996,1.9334692854848896,2.1846043437618796,1.6453955290962499
