MAE1,MAE2,MAE3,MAE4,MAE5,MAE6,MAE_avg,MSE1,MSE2,MSE3,MSE4,MSE5,MSE6,MSE_avg,MAPE1,MAPE2,MAPE3,MAPE4,MAPE5,MAPE6,MAPE_avg
0.16334188993285345,0.2117339226823922,0.27231802585616166,0.30690822510804466,0.35533672235976554,0.4182665980410259,0.28798423066337386,0.06404919341506539,0.10206736118121246,0.15281097425209755,0.18260265341352577,0.23166221090510533,0.302100418537985,0.17254880195083191,0.842097103266429,1.0837010172172024,1.3878243812169362,1.560050985339255,1.8073324796005537,2.133357295444104,1.4690605436807467
