MAE1,MAE2,MAE3,MAE4,MAE5,MAE6,MAE_avg,MSE1,MSE2,MSE3,MSE4,MSE5,MSE6,MSE_avg,MAPE1,MAPE2,MAPE3,MAPE4,MAPE5,MAPE6,MAPE_avg
0.17929818837808653,0.21528195521084229,0.26630250173404785,0.28565748759240916,0.3503720503171098,0.3805234546282318,0.2795726063101212,0.07005904234443074,0.09168943211461737,0.13445995966285887,0.15003394157786798,0.20642013651752714,0.23690695941307258,0.14826157860506245,0.751302418340847,0.90191634426556,1.1143840539401717,1.1949994456586706,1.4644868848081833,1.5888166466309899,1.1693176322740706
