MAE1,MAE2,MAE3,MAE4,MAE5,MAE6,MAE_avg,MSE1,MSE2,MSE3,MSE4,MSE5,MSE6,MSE_avg,MAPE1,MAPE2,MAPE3,MAPE4,MAPE5,MAPE6,MAPE_avg
0.3539043472433343,0.4583354980909172,0.5870161963898352,0.6397150726194206,0.7225439011288185,0.7596249259124324,0.5868566568974597,0.21602952704200098,0.3393594394357466,0.5290333663562921,0.6231048688173265,0.7645134643784418,0.8369956744871111,0.5515060567528198,1.5952275844019097,2.059734859773929,2.6332317279807578,2.8694239803757,3.2362800018382556,3.4010131915761925,2.6324852243244576
