MAE1,MAE2,MAE3,MAE4,MAE5,MAE6,MAE_avg,MSE1,MSE2,MSE3,MSE4,MSE5,MSE6,MSE_avg,MAPE1,MAPE2,MAPE3,MAPE4,MAPE5,MAPE6,MAPE_avg
0.17210800074415475,0.2039375461984638,0.23583919284533722,0.2606528101394987,0.2969635285075598,0.3357393954993094,0.2508734123223873,0.07284836851538394,0.10241092207486328,0.13183369466434364,0.14717327548423195,0.17434731665720135,0.20584899658657932,0.13907709566376725,0.8525918983096372,1.0102420861407533,1.1677111669705527,1.2860305657285027,1.4804995588786418,1.6859973191308726,1.2471787658598268
