MAE1,MAE2,MAE3,MAE4,MAE5,MAE6,MAE_avg,MSE1,MSE2,MSE3,MSE4,MSE5,MSE6,MSE_avg,MAPE1,MAPE2,MAPE3,MAPE4,MAPE5,MAPE6,MAPE_avg
0.16588595159389882,0.19238712774806715,0.22027250363117282,0.24618475515185628,0.27541163432506993,0.3113561000196255,0.2352496787449484,0.07187341335723586,0.09846528003697408,0.12631023867662583,0.14054457575094706,0.16144314496710443,0.188390513921023,0.1311711944516517,0.8134770701680359,0.94445035582721,1.0813715306384386,1.2058672798604078,1.3624065789159068,1.553128389828227,1.1601168675397044
