MAE1,MAE2,MAE3,MAE4,MAE5,MAE6,MAE_avg,MSE1,MSE2,MSE3,MSE4,MSE5,MSE6,MSE_avg,MAPE1,MAPE2,MAPE3,MAPE4,MAPE5,MAPE6,MAPE_avg
0.16129633744195723,0.19824694785146535,0.24812311846385718,0.26604835545733324,0.31362026372195084,0.34407468692663995,0.2552349516438673,0.07177007371669801,0.10267713660638805,0.14796413227448488,0.17102727333490528,0.21490205447178404,0.23804746907195795,0.1577313565793697,0.6817572563411716,0.8374153458864808,1.0465782883787815,1.1206380889906384,1.320495275427235,1.4472548734911967,1.075689854752584
