MAE1,MAE2,MAE3,MAE4,MAE5,MAE6,MAE_avg,MSE1,MSE2,MSE3,MSE4,MSE5,MSE6,MSE_avg,MAPE1,MAPE2,MAPE3,MAPE4,MAPE5,MAPE6,MAPE_avg
0.16803740312108495,0.18644535834368292,0.22302403679113272,0.22435850631873294,0.2710778608001858,0.28243113731121194,0.22589571711433853,0.07854074612916608,0.0876200473877789,0.11701157319068729,0.11625153133191699,0.15515799885659015,0.15155202451907995,0.11768898690253655,0.6855938262082524,0.7610944151160081,0.9094933885028424,0.9131918616727173,1.104460327197892,1.1500315990566015,0.9206442362923856
