MAE1,MAE2,MAE3,MAE4,MAE5,MAE6,MAE_avg,MSE1,MSE2,MSE3,MSE4,MSE5,MSE6,MSE_avg,MAPE1,MAPE2,MAPE3,MAPE4,MAPE5,MAPE6,MAPE_avg
0.16722510883730105,0.18668162046753806,0.2225096072932501,0.22395700047233816,0.2713633201399249,0.28329519343175313,0.22583864177368426,0.0766240884375376,0.08577061574591592,0.11534668193270138,0.11524247907580389,0.15463448364161544,0.15125949628222488,0.11647964085263318,0.6817668037172322,0.7614682926181114,0.9068320093234054,0.9109731683437758,1.105063018280993,1.153022509304151,0.9198543002646115
