MAE1,MAE2,MAE3,MAE4,MAE5,MAE6,MAE_avg,MSE1,MSE2,MSE3,MSE4,MSE5,MSE6,MSE_avg,MAPE1,MAPE2,MAPE3,MAPE4,MAPE5,MAPE6,MAPE_avg
0.09094656161937298,0.12380984712963661,0.15999429899386325,0.1830424755192652,0.20966609491633947,0.24082837146277117,0.16804794160687478,0.016820720878936442,0.03086810595278197,0.04997935826939022,0.06716230612372459,0.08682712333491467,0.10994548106495167,0.06026718260411659,0.4164338927082655,0.5680190144188217,0.7336122746644093,0.8383700363818679,0.9640732276153516,1.1095244334948042,0.7716721465472532
