MAE1,MAE2,MAE3,MAE4,MAE5,MAE6,MAE_avg,MSE1,MSE2,MSE3,MSE4,MSE5,MSE6,MSE_avg,MAPE1,MAPE2,MAPE3,MAPE4,MAPE5,MAPE6,MAPE_avg
0.2668934311848386,0.3087695096072012,0.3759775322633299,0.382043717357465,0.43853048903187636,0.46390017540413525,0.3726858091414744,0.14638185113164578,0.18807861665812703,0.2635167704496777,0.2767174168322639,0.33742394907180767,0.3619312846769071,0.2623416481367382,1.12191542367096,1.2986219743112302,1.5804467676866778,1.6078819435780558,1.8458607110983647,1.9504147885269225,1.5675236014787017
