MAE1,MAE2,MAE3,MAE4,MAE5,MAE6,MAE_avg,MSE1,MSE2,MSE3,MSE4,MSE5,MSE6,MSE_avg,MAPE1,MAPE2,MAPE3,MAPE4,MAPE5,MAPE6,MAPE_avg
0.25518068223073775,0.2992467772251619,0.3693957787006198,0.37514561559509957,0.432649254027005,0.46030708397860687,0.36532086529287183,0.13298428682390362,0.1751478962613681,0.25160843199897337,0.26494890778984953,0.3269132244788505,0.3550406482948367,0.2511072326079636,1.0700718985679762,1.2561801911421113,1.5503961732888536,1.5767434274808818,1.8192640140460534,1.9336270326723253,1.5343804561997
