MAE1,MAE2,MAE3,MAE4,MAE5,MAE6,MAE_avg,MSE1,MSE2,MSE3,MSE4,MSE5,MSE6,MSE_avg,MAPE1,MAPE2,MAPE3,MAPE4,MAPE5,MAPE6,MAPE_avg
0.10667309784274676,0.14894791227150309,0.19254969074947592,0.22075083766612394,0.25488597182467304,0.286823172495438,0.20177178047499345,0.026836689111049052,0.0538694714772787,0.08617646062658166,0.11126278678375236,0.13873906715411974,0.16428581442224846,0.09686171492917166,0.48184051413243084,0.675013805310346,0.8731804555224126,1.0000772861181106,1.1591177135476336,1.3087185939109474,0.9163247280903134
