MAE1,MAE2,MAE3,MAE4,MAE5,MAE6,MAE_avg,MSE1,MSE2,MSE3,MSE4,MSE5,MSE6,MSE_avg,MAPE1,MAPE2,MAPE3,MAPE4,MAPE5,MAPE6,MAPE_avg
0.17972082226091554,0.2377254747222075,0.2948297385526396,0.33219173512750216,0.3768750098848683,0.4203863431180278,0.3069548539443601,0.0725773897792384,0.11829394863047572,0.17803770572870345,0.22671775734810873,0.28349901818600043,0.3385626316715748,0.20294807522401692,0.8072638800315971,1.0699768933687999,1.3284993875593132,1.4967422772131511,1.7011829025917735,1.9008657416771615,1.3840885137402994
