MAE1,MAE2,MAE3,MAE4,MAE5,MAE6,MAE,MSE1,MSE2,MSE3,MSE4,MSE5,MSE6,MSE,MAPE1,MAPE2,MAPE3,MAPE4,MAPE5,MAPE6,MAPE
0.15728997574372058,0.2031362875431622,0.25120579872394105,0.2847401690862004,0.3282773374401278,0.3723053030402727,0.26615914526290413,0.07135649573318208,0.1157901852418263,0.17074753446596147,0.21183357782583015,0.2565901484927126,0.30621422326648184,0.18875536083766584,0.6824964015376503,0.8866885795065403,1.0994047079720903,1.2475663375512762,1.4465037832112293,1.6461387160497165,1.1681330876380838
