MAE1,MAE2,MAE3,MAE4,MAE5,MAE6,MAE_avg,MSE1,MSE2,MSE3,MSE4,MSE5,MSE6,MSE_avg,MAPE1,MAPE2,MAPE3,MAPE4,MAPE5,MAPE6,MAPE_avg
0.20955806231819346,0.25914318314612983,0.322387322025202,0.32947701444626937,0.3782481100823186,0.39678807497364815,0.3159336278319602,0.11111653472468674,0.1559098097957759,0.23063067775821872,0.24438008550059587,0.29058769990905725,0.29353702699770456,0.22102697244767314,0.8641437213118391,1.067316190184901,1.3256177046643614,1.3513850784807615,1.552763472177118,1.6275652426306193,1.2981319015749333
