MAE1,MAE2,MAE3,MAE4,MAE5,MAE6,MAE_avg,MSE1,MSE2,MSE3,MSE4,MSE5,MSE6,MSE_avg,MAPE1,MAPE2,MAPE3,MAPE4,MAPE5,MAPE6,MAPE_avg
0.2292335287148316,0.29464856407911827,0.3639199269576689,0.3966303614859081,0.45573255088097075,0.5071438893416481,0.3745514702433576,0.13581114302092104,0.2234331289082366,0.3181647114610311,0.3734981860332941,0.4324001926353826,0.49676613359115207,0.3300122492750029,1.0876427812025737,1.400294691046177,1.7262219663751674,1.8795748159001182,2.178580921000636,2.4417637480072507,1.7856798205886537
