MAE1,MAE2,MAE3,MAE4,MAE5,MAE6,MAE_avg,MSE1,MSE2,MSE3,MSE4,MSE5,MSE6,MSE_avg,MAPE1,MAPE2,MAPE3,MAPE4,MAPE5,MAPE6,MAPE_avg
0.21442132759781424,0.25843319956943595,0.3272099626466748,0.3553401985023284,0.4235054860249143,0.4470523665392384,0.3376604234800677,0.09628042795790315,0.13207496117004253,0.19769360997177174,0.234179693326693,0.30173344715477746,0.33036184825376863,0.21538733130582607,0.9144957093941869,1.1014177064358621,1.3924089396438732,1.512126676907247,1.8003773379845656,1.8984035996427153,1.436538328334742
