MAE1,MAE2,MAE3,MAE4,MAE5,MAE6,MAE_avg,MSE1,MSE2,MSE3,MSE4,MSE5,MSE6,MSE_avg,MAPE1,MAPE2,MAPE3,MAPE4,MAPE5,MAPE6,MAPE_avg
0.17074052891168376,0.22342039597007146,0.27737242973255244,0.3124497500919201,0.3547788074425137,0.39461577902693307,0.28889628186261246,0.06503255070854257,0.10926615825593547,0.16734003460910565,0.21418897359500355,0.2715076834987633,0.3238802597891909,0.19186927674275692,0.7784201070044967,1.0180755642298573,1.2645735756860246,1.425353533092397,1.6222405955884729,1.8065184882191978,1.3191969773034076
