MAE1,MAE2,MAE3,MAE4,MAE5,MAE6,MAE_avg,MSE1,MSE2,MSE3,MSE4,MSE5,MSE6,MSE_avg,MAPE1,MAPE2,MAPE3,MAPE4,MAPE5,MAPE6,MAPE_avg
0.2744481796744435,0.33562768255441056,0.4013237654027346,0.43738382331543124,0.507118779168668,0.5566894176289604,0.418765274624108,0.19864949960669087,0.29354218934967025,0.3974580928655621,0.45885277615527414,0.540080996851,0.6152040600726163,0.4172979358168023,1.2579125821349328,1.5470566672050858,1.8505754727268258,2.0239570074224584,2.3650214893521415,2.6185419777007066,1.943844199423692
