MAE1,MAE2,MAE3,MAE4,MAE5,MAE6,MAE,MSE1,MSE2,MSE3,MSE4,MSE5,MSE6,MSE,MAPE1,MAPE2,MAPE3,MAPE4,MAPE5,MAPE6,MAPE
0.15312850075360854,0.1987795283098783,0.24672771024977713,0.2801025490321905,0.3232921894062521,0.36718345823712284,0.2615356559981382,0.07036369190562754,0.11434972824841509,0.1687467986585252,0.20950753606440556,0.253705361248645,0.30280756300529327,0.1865801131884853,0.6630528820459884,0.8663901924228828,1.0786271074162133,1.226050890312954,1.4234338161334952,1.6224300529354836,1.1466641568778362
