MAE1,MAE2,MAE3,MAE4,MAE5,MAE6,MAE_avg,MSE1,MSE2,MSE3,MSE4,MSE5,MSE6,MSE_avg,MAPE1,MAPE2,MAPE3,MAPE4,MAPE5,MAPE6,MAPE_avg
0.10389629274738801,0.1461411453232855,0.18976879499865604,0.2178220390013759,0.25100439610951647,0.28251232492513784,0.19852416551755994,0.026629050455229855,0.053174141486648445,0.08505431485390975,0.10974907607638923,0.13650900480436692,0.1613578084120115,0.09541223268142596,0.4677571015011736,0.660844244112795,0.8591223027087477,0.985362979193098,1.139989107466781,1.2876027377820767,0.900113078794112
