MAE1,MAE2,MAE3,MAE4,MAE5,MAE6,MAE,MSE1,MSE2,MSE3,MSE4,MSE5,MSE6,MSE,MAPE1,MAPE2,MAPE3,MAPE4,MAPE5,MAPE6,MAPE
0.24836254171058783,0.31466807207977315,0.37719184488312807,0.4015245945465547,0.45033372155945356,0.4938882592328423,0.38099483900205655,0.15475853010236446,0.24683730216919877,0.3421459255659667,0.38298260888127006,0.433894577070691,0.4918387535685991,0.342076282893015,1.1573017129001106,1.470010279947458,1.7646200372762673,1.8848655674078527,2.135177931801579,2.361223081288319,1.7955331017702643
