MAE1,MAE2,MAE3,MAE4,MAE5,MAE6,MAE_avg,MSE1,MSE2,MSE3,MSE4,MSE5,MSE6,MSE_avg,MAPE1,MAPE2,MAPE3,MAPE4,MAPE5,MAPE6,MAPE_avg
0.34720375953219096,0.45268635480728653,0.5826006688544733,0.6346085930145092,0.7173205026544975,0.7545366610053093,0.5814927566447111,0.20629356150026024,0.3289211487836377,0.5173882420887693,0.6098878319711377,0.7505036267169407,0.8231618274722285,0.539359373088829,1.563067994863586,2.0323379512335116,2.6113943133678443,2.84469904120328,3.2110665166265013,3.3765673170301285,2.606522189054142
