MAE1,MAE2,MAE3,MAE4,MAE5,MAE6,MAE_avg,MSE1,MSE2,MSE3,MSE4,MSE5,MSE6,MSE_avg,MAPE1,MAPE2,MAPE3,MAPE4,MAPE5,MAPE6,MAPE_avg
0.2804646231210797,0.3452012319555535,0.41350845348100745,0.45015393710579654,0.5237112911836653,0.5744901164709992,0.43125494221968363,0.1972406361095569,0.29481259457881615,0.40041464464825394,0.4641783006320616,0.5505074216676573,0.6297099306833338,0.42281058805328,1.294271598569282,1.6013419236548359,1.9184719695939143,2.094024453723075,2.4556341045429764,2.7150798402776535,2.0131373150602894
