MAE1,MAE2,MAE3,MAE4,MAE5,MAE6,MAE_avg,MSE1,MSE2,MSE3,MSE4,MSE5,MSE6,MSE_avg,MAPE1,MAPE2,MAPE3,MAPE4,MAPE5,MAPE6,MAPE_avg
0.1777278107756886,0.23428866859105235,0.29149294888301003,0.3290683999970981,0.3728892951626721,0.41573929614608124,0.30353440325926706,0.07212827758537087,0.11731607260686489,0.17698460630851132,0.22560613711604227,0.282073446578547,0.3364052173138138,0.20175229291819172,0.7972218381766698,1.0530718780547037,1.3119914409702176,1.4811322472101052,1.681429118679707,1.8780139223009584,1.3671434075653937
