MAE1,MAE2,MAE3,MAE4,MAE5,MAE6,MAE_avg,MSE1,MSE2,MSE3,MSE4,MSE5,MSE6,MSE_avg,MAPE1,MAPE2,MAPE3,MAPE4,MAPE5,MAPE6,MAPE_avg
0.15520872182366977,0.18237967753356096,0.21222350071070292,0.24217364761211768,0.3033559832664391,0.35375408027532684,0.24151593520363623,0.06696912419373813,0.09765723258911681,0.12891077811630414,0.15426097873864683,0.20704680276494308,0.2526762195665777,0.15125352266155445,0.7844681495795011,0.9213152602819334,1.071073790339791,1.214555340498356,1.5266636117767645,1.7907389509106701,1.2181358505645028
