MAE1,MAE2,MAE3,MAE4,MAE5,MAE6,MAE_avg,MSE1,MSE2,MSE3,MSE4,MSE5,MSE6,MSE_avg,MAPE1,MAPE2,MAPE3,MAPE4,MAPE5,MAPE6,MAPE_avg
0.16222549414384244,0.20969125892852397,0.26890324444802677,0.28136150482114125,0.3377722780130727,0.35494465541587916,0.26914973929508107,0.0709105268266377,0.11011741313674753,0.17254307707408,0.18740991342268784,0.23683217930774575,0.24393265299782288,0.17029096046095363,0.6741754491012982,0.8693702154245663,1.112858513275183,1.1625319727246808,1.3967062431150814,1.4663889325393231,1.113671887696689
