MAE1,MAE2,MAE3,MAE4,MAE5,MAE6,MAE,MSE1,MSE2,MSE3,MSE4,MSE5,MSE6,MSE,MAPE1,MAPE2,MAPE3,MAPE4,MAPE5,MAPE6,MAPE
0.1677256457031493,0.22052907340968184,0.2750138360002369,0.3175268098943095,0.35607885118171295,0.3911657819377066,0.28800666635446615,0.06673429578594257,0.1136552349202222,0.1719201899585599,0.2246752542550247,0.2765121339487123,0.31973827804384647,0.19553923115205138,0.7669384528268717,1.0091613939332924,1.2593267381612538,1.4542910713523418,1.6343161045210848,1.7992213013342078,1.320542510354842
