MAE1,MAE2,MAE3,MAE4,MAE5,MAE6,MAE_avg,MSE1,MSE2,MSE3,MSE4,MSE5,MSE6,MSE_avg,MAPE1,MAPE2,MAPE3,MAPE4,MAPE5,MAPE6,MAPE_avg
0.203704732075971,0.24936763166335055,0.31942342923145545,0.34850767040453734,0.41861010358242695,0.4437140164913383,0.33055459724151326,0.08847968316643624,0.12395884464419588,0.18964312221053375,0.226717619258266,0.29544962103463734,0.3256840667486166,0.20832215951044764,0.8671716831547729,1.0611795833829256,1.3577349780710173,1.4816326112009057,1.7782018373755122,1.8828595317282693,1.4047967041522338
