MAE1,MAE2,MAE3,MAE4,MAE5,MAE6,MAE_avg,MSE1,MSE2,MSE3,MSE4,MSE5,MSE6,MSE_avg,MAPE1,MAPE2,MAPE3,MAPE4,MAPE5,MAPE6,MAPE_avg
0.22427139891551667,0.27674184387258777,0.34939392375598854,0.39379016959583907,0.43596976767243506,0.4622639515287203,0.35707184255684793,0.15433853700847955,0.22118585294946455,0.3277607666540796,0.4071999734217327,0.48439212547136484,0.541121166740096,0.35599973704086957,1.092845021866078,1.3440503281058187,1.6940634172175566,1.905933382071766,2.1117714287594653,2.2395702133775766,1.7313722985663766
