MAE1,MAE2,MAE3,MAE4,MAE5,MAE6,MAE_avg,MSE1,MSE2,MSE3,MSE4,MSE5,MSE6,MSE_avg,MAPE1,MAPE2,MAPE3,MAPE4,MAPE5,MAPE6,MAPE_avg
0.15328796943632197,0.17017723443222404,0.1945597055511481,0.22192916785805003,0.27575185345254355,0.3241886466204953,0.2233157628917972,0.06680648539927184,0.09281840938837874,0.121824024535823,0.1449489442921174,0.19079842346751133,0.2319556286434134,0.1415253192877526,0.7682113415936866,0.8539854261950707,0.9765387387823208,1.1083092105291974,1.3802239135222525,1.6330244741063487,1.120048850788146
