MAE1,MAE2,MAE3,MAE4,MAE5,MAE6,MAE_avg,MSE1,MSE2,MSE3,MSE4,MSE5,MSE6,MSE_avg,MAPE1,MAPE2,MAPE3,MAPE4,MAPE5,MAPE6,MAPE_avg
0.16884730949086957,0.21574864671418253,0.2736680013066395,0.28653862576080597,0.34288299550906504,0.3604392260540096,0.27468746747259537,0.07359960012707115,0.11325899602517712,0.17515549285886453,0.19093448670466617,0.24023413684453993,0.2472044806363936,0.17339786553278538,0.7027882588717335,0.8956112756430781,1.1338507684917398,1.1852000106409717,1.4188902492229793,1.490090217575871,1.1377384634077288
