MAE1,MAE2,MAE3,MAE4,MAE5,MAE6,MAE,MSE1,MSE2,MSE3,MSE4,MSE5,MSE6,MSE,MAPE1,MAPE2,MAPE3,MAPE4,MAPE5,MAPE6,MAPE
0.1675225910471274,0.2226573737289918,0.27741668779662537,0.3194126644843216,0.3603282662313862,0.3969181860332413,0.2907092948869488,0.06742110720512894,0.11515690364600636,0.17381881566397753,0.22685267718987565,0.2793102802317023,0.32335381814149433,0.19765226701303074,0.7667356481308687,1.0200031175082322,1.271405476588928,1.4638596229882812,1.6552264120310411,1.8273591966191685,1.3340982456444201
