MAE1,MAE2,MAE3,MAE4,MAE5,MAE6,MAE_avg,MSE1,MSE2,MSE3,MSE4,MSE5,MSE6,MSE_avg,MAPE1,MAPE2,MAPE3,MAPE4,MAPE5,MAPE6,MAPE_avg
0.1063284772861584,0.14086824512020368,0.1765239047196257,0.1986487567739301,0.22774797229044189,0.25782974184870655,0.18465784967317775,0.025150184132340478,0.0447689569264698,0.06652967238880149,0.08263179809355023,0.10402840907209378,0.12570805330173707,0.07480284565249881,0.4751450346637545,0.6313819599270978,0.7919509811166967,0.8914707300738572,1.0257559358592343,1.1655538237730512,0.8302097442356153
