MAE1,MAE2,MAE3,MAE4,MAE5,MAE6,MAE_avg,MSE1,MSE2,MSE3,MSE4,MSE5,MSE6,MSE_avg,MAPE1,MAPE2,MAPE3,MAPE4,MAPE5,MAPE6,MAPE_avg
0.34387533796563785,0.45413014288445597,0.5653650009650714,0.6535202499140762,0.7411515311793321,0.8292744928569461,0.59788612596092,0.2585264214269577,0.4702938894023255,0.7165585207059209,0.9321279413623196,1.155431286320056,1.3672781525665192,0.8167027019640165,1.4838902000533047,1.9785714110538544,2.4716378986963403,2.8603004542058033,3.2712305848267764,3.6718688447460845,2.622916565597027
