MAE1,MAE2,MAE3,MAE4,MAE5,MAE6,MAE_avg,MSE1,MSE2,MSE3,MSE4,MSE5,MSE6,MSE_avg,MAPE1,MAPE2,MAPE3,MAPE4,MAPE5,MAPE6,MAPE_avg
0.15847306014069545,0.19412848607863442,0.24074354463773517,0.24917963761500658,0.297923085944131,0.3215293354649603,0.2436628583135272,0.06957943209089804,0.08866120264202265,0.124262051364387,0.12904616899988142,0.16941459317414762,0.17269652748116293,0.12560999595874994,0.6495861183164514,0.7950475697622,0.9842451339745268,1.0162216513395008,1.216033622760662,1.3108553956973537,0.995331581975116
