MAE1,MAE2,MAE3,MAE4,MAE5,MAE6,MAE_avg,MSE1,MSE2,MSE3,MSE4,MSE5,MSE6,MSE_avg,MAPE1,MAPE2,MAPE3,MAPE4,MAPE5,MAPE6,MAPE_avg
0.2425191999994214,0.2879755431631957,0.34671084443568634,0.3638750876816173,0.4194874627428987,0.47872107277585274,0.3565482017997787,0.15324433562567755,0.22768559370480193,0.317756331615692,0.3589946766007111,0.43469636546367113,0.517885285148891,0.33504376469324076,1.1391287664626137,1.3622080014745706,1.6409190992532356,1.7289478069577453,2.014064516259373,2.316952916899667,1.7003701845512005
