MAE1,MAE2,MAE3,MAE4,MAE5,MAE6,MAE_avg,MSE1,MSE2,MSE3,MSE4,MSE5,MSE6,MSE_avg,MAPE1,MAPE2,MAPE3,MAPE4,MAPE5,MAPE6,MAPE_avg
0.10707284059565052,0.14317978880604318,0.17951391158294222,0.20195214605945183,0.23222150602457006,0.26374426729277944,0.18794741006023954,0.025087067636932282,0.045296038343364396,0.06747774344113236,0.0839536433216804,0.10614665256771647,0.12861081016330556,0.07609532591235524,0.47937712580534403,0.6428703464766721,0.8067166629620143,0.9076299304431127,1.0473823010501628,1.1939182383948364,0.8463157675220238
