MAE1,MAE2,MAE3,MAE4,MAE5,MAE6,MAE_avg,MSE1,MSE2,MSE3,MSE4,MSE5,MSE6,MSE_avg,MAPE1,MAPE2,MAPE3,MAPE4,MAPE5,MAPE6,MAPE_avg
0.20558173430096854,0.2562144391752957,0.3209319688997121,0.32823168716768025,0.37751679772444036,0.39628097265012885,0.3141262666530376,0.10779928477638,0.15264756779375716,0.2281608447623481,0.2424381694865857,0.28906753811172486,0.2922869824590624,0.2187333978983097,0.847287883756228,1.0547338158684607,1.3189669584885202,1.3457072990689556,1.5493078501615456,1.6249981329584218,1.2901669900503554
