MAE1,MAE2,MAE3,MAE4,MAE5,MAE6,MAE_avg,MSE1,MSE2,MSE3,MSE4,MSE5,MSE6,MSE_avg,MAPE1,MAPE2,MAPE3,MAPE4,MAPE5,MAPE6,MAPE_avg
0.22246669467784522,0.26188100901277794,0.30537055090490683,0.3138337999413609,0.3721656845567698,0.42226747930824843,0.3163308697336515,0.10101464838117628,0.17155497378197282,0.23055880079355606,0.25317385499380285,0.30537212381746204,0.3708367234870033,0.23875185420916223,1.1629661384858228,1.3729218813324353,1.5917895413492547,1.6267675371871428,1.9549669019470146,2.2340477568879207,1.6572432928649317
