MAE1,MAE2,MAE3,MAE4,MAE5,MAE6,MAE_avg,MSE1,MSE2,MSE3,MSE4,MSE5,MSE6,MSE_avg,MAPE1,MAPE2,MAPE3,MAPE4,MAPE5,MAPE6,MAPE_avg
0.2288333596118353,0.2780096245533587,0.3518041949796883,0.3962265369321972,0.4384829246883154,0.4608506154141142,0.35903454269658486,0.1508293204649507,0.21657768358971544,0.32327840635435395,0.402184547215201,0.47907364213799924,0.5349680517215802,0.35115194191396676,1.1135771364630334,1.3492783718131802,1.705200737433577,1.9173626975238989,2.123473378824059,2.2318362639805978,1.740121431006391
