MAE1,MAE2,MAE3,MAE4,MAE5,MAE6,MAE_avg,MSE1,MSE2,MSE3,MSE4,MSE5,MSE6,MSE_avg,MAPE1,MAPE2,MAPE3,MAPE4,MAPE5,MAPE6,MAPE_avg
0.1695925980622603,0.22089367570098176,0.27578763901452297,0.3119084891751349,0.3521351128341308,0.3897054648533056,0.2866704966067227,0.06467635983430425,0.10822079234939253,0.16617878803066916,0.2128586872774314,0.26976918976477327,0.3214750690244713,0.19052981438017366,0.7720451723271426,1.0052243435794872,1.2562234756073851,1.4219249233491515,1.6086973137704779,1.7821596102944686,1.3077124731546854
