MAE1,MAE2,MAE3,MAE4,MAE5,MAE6,MAE_avg,MSE1,MSE2,MSE3,MSE4,MSE5,MSE6,MSE_avg,MAPE1,MAPE2,MAPE3,MAPE4,MAPE5,MAPE6,MAPE_avg
0.162074698950886,0.2215638216821296,0.2809114863367868,0.3166726040057622,0.3757921136931057,0.4433886882146696,0.30006723548055664,0.0653263910567536,0.1082138511295852,0.1599962742623644,0.19152358443482517,0.24498037700502423,0.3202061606732302,0.18170777309363048,0.8356667935672383,1.1344259814959199,1.4326695756682342,1.6113126743174284,1.9170436895157934,2.2704345124011414,1.5335922044942925
