MAE1,MAE2,MAE3,MAE4,MAE5,MAE6,MAE_avg,MSE1,MSE2,MSE3,MSE4,MSE5,MSE6,MSE_avg,MAPE1,MAPE2,MAPE3,MAPE4,MAPE5,MAPE6,MAPE_avg
0.3329932139237869,0.4404790572370768,0.5500471291165153,0.63975279870749,0.7245808093267797,0.8116154945140892,0.5832447504709563,0.2559971608020704,0.46440992904546363,0.7083317564804389,0.922133494041681,1.1407442479640324,1.3492084780873723,0.8068041777368431,1.426641171328684,1.908060210565582,2.3928904179613695,2.789853816798325,3.18576393869998,3.580719266643633,2.5473214703329288
