MAE1,MAE2,MAE3,MAE4,MAE5,MAE6,MAE_avg,MSE1,MSE2,MSE3,MSE4,MSE5,MSE6,MSE_avg,MAPE1,MAPE2,MAPE3,MAPE4,MAPE5,MAPE6,MAPE_avg
0.18839506616334187,0.22303425579979858,0.2737186429301219,0.29201589115397925,0.35590653501508723,0.38536670412175345,0.28640618253068034,0.07593841501204102,0.09768995864272596,0.14069520501568525,0.15644320394181674,0.21213090179258606,0.2413434456869689,0.15404018834863734,0.790930723276793,0.93577979720132,1.1467949378131599,1.2229765461563529,1.4889905116105242,1.610434654622571,1.1993178617801201
