MAE1,MAE2,MAE3,MAE4,MAE5,MAE6,MAE_avg,MSE1,MSE2,MSE3,MSE4,MSE5,MSE6,MSE_avg,MAPE1,MAPE2,MAPE3,MAPE4,MAPE5,MAPE6,MAPE_avg
0.1110425814986229,0.1489274501800537,0.18804053962230682,0.2147287279367447,0.2556559443473816,0.29182106256484985,0.20170271769165993,0.02446889877319336,0.04223698750138283,0.06470336765050888,0.08287480473518372,0.10892225801944733,0.13550347089767456,0.07645163126289845,0.49841045401990414,0.6691483780741692,0.8437900803983212,0.9617839008569717,1.1495685204863548,1.31356967613101,0.9060451683277885
