MAE1,MAE2,MAE3,MAE4,MAE5,MAE6,MAE_avg,MSE1,MSE2,MSE3,MSE4,MSE5,MSE6,MSE_avg,MAPE1,MAPE2,MAPE3,MAPE4,MAPE5,MAPE6,MAPE_avg
0.7623429,0.7237227,0.71711046,0.6831171,0.7078735,0.7222251,0.7193987,0.7871178,0.7233923,0.7201251,0.64905256,0.6991225,0.7297003,0.7180851,3.435477241873741,3.2610930502414703,3.2338906079530716,3.0780304223299026,3.1905289739370346,3.2572999596595764,3.2427200426657996
