MAE1,MAE2,MAE3,MAE4,MAE5,MAE6,MAE_avg,MSE1,MSE2,MSE3,MSE4,MSE5,MSE6,MSE_avg,MAPE1,MAPE2,MAPE3,MAPE4,MAPE5,MAPE6,MAPE_avg
0.13626553118228912,0.15278342366218567,0.17564137279987335,0.19474118947982788,0.22562184929847717,0.24903078377246857,0.1890140250325203,0.040062762796878815,0.050899963825941086,0.06562498211860657,0.0759943276643753,0.09762348234653473,0.11909951269626617,0.07488417190810044,0.6341568659991026,0.711969519034028,0.8193597197532654,0.911625474691391,1.0575027205049992,1.1669434607028961,0.8835929601142803
