MAE1,MAE2,MAE3,MAE4,MAE5,MAE6,MAE_avg,MSE1,MSE2,MSE3,MSE4,MSE5,MSE6,MSE_avg,MAPE1,MAPE2,MAPE3,MAPE4,MAPE5,MAPE6,MAPE_avg
0.20087995,0.21972305,0.24062917,0.23645568,0.2789301,0.31586495,0.24874713,0.074742496,0.083960555,0.097452,0.09225292,0.12466149,0.15314032,0.1043683,0.8675443008542061,0.9468520060181618,1.0361572727560997,1.0182356461882591,1.200338639318943,1.3590198010206223,1.071357944359382
