MAE1,MAE2,MAE3,MAE4,MAE5,MAE6,MAE_avg,MSE1,MSE2,MSE3,MSE4,MSE5,MSE6,MSE_avg,MAPE1,MAPE2,MAPE3,MAPE4,MAPE5,MAPE6,MAPE_avg
0.6979549,0.6817691,0.6902006,0.7012383,0.72187746,0.72676516,0.70330095,0.7842148,0.7359564,0.75949395,0.77515304,0.8330332,0.8253672,0.78553647,3.083527274429798,3.0192462727427483,3.0459048226475716,3.096981905400753,3.1817540526390076,3.208758309483528,3.106028772890568
