MAE1,MAE2,MAE3,MAE4,MAE5,MAE6,MAE_avg,MSE1,MSE2,MSE3,MSE4,MSE5,MSE6,MSE_avg,MAPE1,MAPE2,MAPE3,MAPE4,MAPE5,MAPE6,MAPE_avg
1.8087474,1.7924024,1.7516037,1.7006569,1.6721463,1.612044,1.7229337,3.4700766,3.467122,3.3691905,3.1770053,3.0968456,2.8866482,3.2444813,9.54599604010582,9.459277987480164,9.238629788160324,8.982270210981369,8.834560215473175,8.533649891614914,9.099064022302628
