MAE1,MAE2,MAE3,MAE4,MAE5,MAE6,MAE_avg,MSE1,MSE2,MSE3,MSE4,MSE5,MSE6,MSE_avg,MAPE1,MAPE2,MAPE3,MAPE4,MAPE5,MAPE6,MAPE_avg
1.2295883,1.1981429,1.1496297,1.1287452,1.1314498,1.1022052,1.1566268,2.0267382,1.9501325,1.8776755,1.904149,1.9636991,1.9208504,1.9405408,6.3979484140872955,6.237530708312988,5.992089211940765,5.892381444573402,5.903857946395874,5.746423825621605,6.028371925155322
