MAE1,MAE2,MAE3,MAE4,MAE5,MAE6,MAE_avg,MSE1,MSE2,MSE3,MSE4,MSE5,MSE6,MSE_avg,MAPE1,MAPE2,MAPE3,MAPE4,MAPE5,MAPE6,MAPE_avg
0.0857048,0.09474196,0.10758971,0.11950713,0.1356002,0.1423753,0.114253186,0.015797712,0.020249296,0.02595844,0.030012326,0.03731779,0.043533478,0.028811505,0.3928534686565399,0.4342820029705763,0.4943089559674263,0.5484216846525669,0.6221565883606672,0.6515257060527802,0.5239247344434261
