MAE1,MAE2,MAE3,MAE4,MAE5,MAE6,MAE_avg,MSE1,MSE2,MSE3,MSE4,MSE5,MSE6,MSE_avg,MAPE1,MAPE2,MAPE3,MAPE4,MAPE5,MAPE6,MAPE_avg
1.9901805,1.987769,1.9855975,1.9829398,1.9806136,1.9782054,1.9842176,5.966603,5.961243,5.960062,5.953329,5.950477,5.9457216,5.9562397,9.249898046255112,9.238767623901367,9.227947890758514,9.215792268514633,9.204521775245667,9.193264693021774,9.221698716282845
