MAE1,MAE2,MAE3,MAE4,MAE5,MAE6,MAE_avg,MSE1,MSE2,MSE3,MSE4,MSE5,MSE6,MSE_avg,MAPE1,MAPE2,MAPE3,MAPE4,MAPE5,MAPE6,MAPE_avg
0.10711836,0.10330278,0.10754642,0.10956425,0.12784912,0.14827321,0.11727569,0.028006507,0.033389315,0.04049775,0.043090906,0.053209897,0.06300648,0.043533478,0.4535555839538574,0.4363922867923975,0.4540699999779463,0.4620748572051525,0.5395362619310617,0.6274630315601826,0.495515336903433
