MAE1,MAE2,MAE3,MAE4,MAE5,MAE6,MAE_avg,MSE1,MSE2,MSE3,MSE4,MSE5,MSE6,MSE_avg,MAPE1,MAPE2,MAPE3,MAPE4,MAPE5,MAPE6,MAPE_avg
0.1659882664680481,0.1968628317117691,0.2279600352048874,0.23422163724899292,0.2660580575466156,0.2765970528125763,0.22794798016548157,0.06024140119552612,0.08893764764070511,0.11543644219636917,0.11589664220809937,0.140078604221344,0.1443958580493927,0.11083109925190608,0.7082669995725155,0.8398243226110935,0.9723743423819542,0.9978058747947216,1.1308765038847923,1.175893284380436,0.9708402212709188
