MAE1,MAE2,MAE3,MAE4,MAE5,MAE6,MAE_avg,MSE1,MSE2,MSE3,MSE4,MSE5,MSE6,MSE_avg,MAPE1,MAPE2,MAPE3,MAPE4,MAPE5,MAPE6,MAPE_avg
2.074404,2.0730164,2.070306,2.0657897,2.0629826,2.060419,2.0678196,6.621164,6.6252923,6.6178875,6.594668,6.587279,6.5823317,6.6047707,9.60611179471016,9.598595649003983,9.586157649755478,9.567014873027802,9.554079174995422,9.541990607976913,9.575658291578293
