MAE1,MAE2,MAE3,MAE4,MAE5,MAE6,MAE_avg,MSE1,MSE2,MSE3,MSE4,MSE5,MSE6,MSE_avg,MAPE1,MAPE2,MAPE3,MAPE4,MAPE5,MAPE6,MAPE_avg
0.1765267252922058,0.19009555876255035,0.21160851418972015,0.22630462050437927,0.23534341156482697,0.2490018755197525,0.21481345097223917,0.06561673432588577,0.07974423468112946,0.0945243164896965,0.10592132806777954,0.10815469175577164,0.11756934225559235,0.0952551079293092,0.7951649837195873,0.854759756475687,0.949973426759243,1.0151193477213383,1.0561194270849228,1.1199038475751877,0.9651734648893276
