MAE1,MAE2,MAE3,MAE4,MAE5,MAE6,MAE_avg,MSE1,MSE2,MSE3,MSE4,MSE5,MSE6,MSE_avg,MAPE1,MAPE2,MAPE3,MAPE4,MAPE5,MAPE6,MAPE_avg
0.6831516,0.68507946,0.7681993,0.7323372,0.844661,0.90727204,0.77011675,0.58059657,0.60946834,0.7499144,0.72970945,1.0064262,1.1938758,0.8116651,3.4854281693696976,3.488953784108162,3.916225954890251,3.7157662212848663,4.264511913061142,4.571259021759033,3.907024177412192
