MAE1,MAE2,MAE3,MAE4,MAE5,MAE6,MAE_avg,MSE1,MSE2,MSE3,MSE4,MSE5,MSE6,MSE_avg,MAPE1,MAPE2,MAPE3,MAPE4,MAPE5,MAPE6,MAPE_avg
0.13524862,0.15164626,0.16078551,0.16742164,0.19937187,0.20826253,0.17045607,0.032134738,0.042085968,0.04970103,0.054575477,0.07146306,0.079750024,0.054951716,0.5621651653200388,0.629992363974452,0.6679493468254805,0.6958517711609602,0.8308288641273975,0.8687150664627552,0.7092504296451807
