MAE1,MAE2,MAE3,MAE4,MAE5,MAE6,MAE_avg,MSE1,MSE2,MSE3,MSE4,MSE5,MSE6,MSE_avg,MAPE1,MAPE2,MAPE3,MAPE4,MAPE5,MAPE6,MAPE_avg
0.27046528,0.30548406,0.33301124,0.35780066,0.39248088,0.41744593,0.34611467,0.19485877,0.23455156,0.26295075,0.2753162,0.31211105,0.3547422,0.27242175,1.223479863256216,1.377931423485279,1.4971974305808544,1.602696068584919,1.7541518434882164,1.8647875636816025,1.5533740321795146
