MAE1,MAE2,MAE3,MAE4,MAE5,MAE6,MAE_avg,MSE1,MSE2,MSE3,MSE4,MSE5,MSE6,MSE_avg,MAPE1,MAPE2,MAPE3,MAPE4,MAPE5,MAPE6,MAPE_avg
1.7564603,1.7885828,1.7931066,1.8228298,1.8272222,1.8330104,1.8035353,3.1632595,3.3171995,3.368262,3.4969878,3.534805,3.5795903,3.4100173,9.022790938615799,9.200996905565262,9.23292189836502,9.393882006406784,9.415535628795624,9.451121091842651,9.28620807826519
