MAE1,MAE2,MAE3,MAE4,MAE5,MAE6,MAE_avg,MSE1,MSE2,MSE3,MSE4,MSE5,MSE6,MSE_avg,MAPE1,MAPE2,MAPE3,MAPE4,MAPE5,MAPE6,MAPE_avg
1.0549667,1.053083,1.0512078,1.0493584,1.0475581,1.0457513,1.050321,1.5775852,1.5734774,1.5694075,1.565368,1.5612988,1.5572846,1.5674037,4.685672372579575,4.677874967455864,4.670104011893272,4.662449285387993,4.655052348971367,4.647600278258324,4.666458877424399
