MAE1,MAE2,MAE3,MAE4,MAE5,MAE6,MAE_avg,MSE1,MSE2,MSE3,MSE4,MSE5,MSE6,MSE_avg,MAPE1,MAPE2,MAPE3,MAPE4,MAPE5,MAPE6,MAPE_avg
0.33831074833869934,0.3750639259815216,0.396772176027298,0.40575799345970154,0.43951743841171265,0.45807310938835144,0.4022492319345474,0.2817886471748352,0.3390488922595978,0.39143824577331543,0.40977275371551514,0.45727211236953735,0.47651663422584534,0.39263954758644104,1.383504644036293,1.5349173918366432,1.6233960166573524,1.6596300527453423,1.7986232414841652,1.8747096881270409,1.6457968391478062
