MAE1,MAE2,MAE3,MAE4,MAE5,MAE6,MAE_avg,MSE1,MSE2,MSE3,MSE4,MSE5,MSE6,MSE_avg,MAPE1,MAPE2,MAPE3,MAPE4,MAPE5,MAPE6,MAPE_avg
1.9926155,1.9899154,1.9873974,1.9851756,1.9822162,1.980251,1.9862618,6.022257,6.0150976,6.0096173,6.0067697,5.9964976,5.995371,6.0076013,9.311794489622116,9.299343824386597,9.287526458501816,9.276755154132843,9.263568371534348,9.253805875778198,9.282132362325987
