MAE1,MAE2,MAE3,MAE4,MAE5,MAE6,MAE_avg,MSE1,MSE2,MSE3,MSE4,MSE5,MSE6,MSE_avg,MAPE1,MAPE2,MAPE3,MAPE4,MAPE5,MAPE6,MAPE_avg
0.21108083426952362,0.24427561461925507,0.25357645750045776,0.2783271372318268,0.2857770323753357,0.3022248446941376,0.26254365344842273,0.0660472884774208,0.10639166831970215,0.13020844757556915,0.149736687541008,0.14785420894622803,0.1685340255498886,0.12812872106830278,0.8810133673250675,1.0178962722420692,1.0562670417129993,1.1586155742406845,1.188803743571043,1.2566227465867996,1.0932031242797773
