MAE1,MAE2,MAE3,MAE4,MAE5,MAE6,MAE_avg,MSE1,MSE2,MSE3,MSE4,MSE5,MSE6,MSE_avg,MAPE1,MAPE2,MAPE3,MAPE4,MAPE5,MAPE6,MAPE_avg
1.1685783,1.1691418,1.1698449,1.1704942,1.1710892,1.1718544,1.1701671,1.9983708,1.9997545,2.0016017,2.003264,2.004741,2.0067866,2.0024197,5.464370176196098,5.467548966407776,5.4714135825634,5.475020408630371,5.478367581963539,5.482548475265503,5.473211531837781
