MAE1,MAE2,MAE3,MAE4,MAE5,MAE6,MAE_avg,MSE1,MSE2,MSE3,MSE4,MSE5,MSE6,MSE_avg,MAPE1,MAPE2,MAPE3,MAPE4,MAPE5,MAPE6,MAPE_avg
0.08145107,0.08262836,0.093050316,0.09892357,0.12315405,0.14071226,0.103319936,0.015602379,0.020228893,0.028360156,0.031685084,0.03959973,0.04772571,0.030533658,0.34292114432901144,0.34911585971713066,0.3933574538677931,0.41773575358092785,0.5173846147954464,0.5910932552069426,0.4352680135828753
