MAE1,MAE2,MAE3,MAE4,MAE5,MAE6,MAE_avg,MSE1,MSE2,MSE3,MSE4,MSE5,MSE6,MSE_avg,MAPE1,MAPE2,MAPE3,MAPE4,MAPE5,MAPE6,MAPE_avg
0.98189455,0.97958684,0.9773506,0.9750838,0.9728906,0.9706521,0.9762431,1.5173253,1.5126898,1.5078291,1.5032094,1.498369,1.4938151,1.5055398,4.335436597466469,4.325671121478081,4.316313564777374,4.306735470890999,4.2975760996341705,4.288112744688988,4.3116409331560135
