MAE1,MAE2,MAE3,MAE4,MAE5,MAE6,MAE_avg,MSE1,MSE2,MSE3,MSE4,MSE5,MSE6,MSE_avg,MAPE1,MAPE2,MAPE3,MAPE4,MAPE5,MAPE6,MAPE_avg
2.6237998,2.6204596,2.6150048,2.6202202,2.6144445,2.6166513,2.6184301,11.983123,11.963229,11.919898,11.997897,11.952797,11.996997,11.96899,11.391521990299225,11.377421766519547,11.355751752853394,11.371981352567673,11.348877102136612,11.354370415210724,11.366654063264528
