MAE1,MAE2,MAE3,MAE4,MAE5,MAE6,MAE_avg,MSE1,MSE2,MSE3,MSE4,MSE5,MSE6,MSE_avg,MAPE1,MAPE2,MAPE3,MAPE4,MAPE5,MAPE6,MAPE_avg
2.1865985,2.1892102,2.1918967,2.1946542,2.1974568,2.200268,2.1933472,8.149317,8.16039,8.171878,8.183641,8.195743,8.20804,8.178169,11.97419986128807,11.988800764083862,12.003837525844574,12.019270658493042,12.034989893436432,12.050800770521164,12.01198324561119
