MAE1,MAE2,MAE3,MAE4,MAE5,MAE6,MAE_avg,MSE1,MSE2,MSE3,MSE4,MSE5,MSE6,MSE_avg,MAPE1,MAPE2,MAPE3,MAPE4,MAPE5,MAPE6,MAPE_avg
0.08334662,0.0902864,0.10189345,0.10212668,0.11448405,0.12418044,0.102719605,0.01291652,0.018177139,0.026360957,0.028053831,0.03294035,0.036227893,0.025779448,0.35306247882544994,0.3828552085906267,0.4326579160988331,0.4330919124186039,0.4848772659897804,0.5257064010947943,0.43537519716968137
