MAE1,MAE2,MAE3,MAE4,MAE5,MAE6,MAE_avg,MSE1,MSE2,MSE3,MSE4,MSE5,MSE6,MSE_avg,MAPE1,MAPE2,MAPE3,MAPE4,MAPE5,MAPE6,MAPE_avg
0.46221116,0.456221,0.45205757,0.43444076,0.4368972,0.4627429,0.45076177,0.4161668,0.41475305,0.4160672,0.39815888,0.40628594,0.43730897,0.41479015,2.129814587533474,2.099361829459667,2.079618163406849,1.998022012412548,2.0103270187973976,2.1259335801005363,2.073846198618412
