MAE1,MAE2,MAE3,MAE4,MAE5,MAE6,MAE_avg,MSE1,MSE2,MSE3,MSE4,MSE5,MSE6,MSE_avg,MAPE1,MAPE2,MAPE3,MAPE4,MAPE5,MAPE6,MAPE_avg
0.53108454,0.5084965,0.5135631,0.5248757,0.5543895,0.56927794,0.5336146,0.612654,0.57709646,0.58616114,0.5917756,0.6430906,0.66077477,0.6119254,2.505318820476532,2.4003153666853905,2.429642900824547,2.486470714211464,2.6289567351341248,2.6992160826921463,2.524986770004034
