MAE1,MAE2,MAE3,MAE4,MAE5,MAE6,MAE_avg,MSE1,MSE2,MSE3,MSE4,MSE5,MSE6,MSE_avg,MAPE1,MAPE2,MAPE3,MAPE4,MAPE5,MAPE6,MAPE_avg
0.4737895,0.45449543,0.43587348,0.4349527,0.43977478,0.45177773,0.44844392,0.35717675,0.33904672,0.32315782,0.32273582,0.32853547,0.34226775,0.33548674,2.251037582755089,2.160126529633999,2.070983126759529,2.0659293979406357,2.087745815515518,2.1434571593999863,2.129879935334126
