MAE1,MAE2,MAE3,MAE4,MAE5,MAE6,MAE_avg,MSE1,MSE2,MSE3,MSE4,MSE5,MSE6,MSE_avg,MAPE1,MAPE2,MAPE3,MAPE4,MAPE5,MAPE6,MAPE_avg
0.24733365,0.24164243,0.24538447,0.27188665,0.28386384,0.31265008,0.26712686,0.11065426,0.10155811,0.103057645,0.11972169,0.12284088,0.14724457,0.11751286,1.1179625056684017,1.0932342149317265,1.111871376633644,1.2302705086767673,1.283526886254549,1.4112317934632301,1.2080162142713864
